"","GPP_sd1","NPP_sd1","Reco_sd1","NEE_sd1","Rh_sd1","Ra_sd1","Rleaf_sd1","Rstem_sd1","Rroot_sd1","Rh4_sd1","Rh5_sd1","Rh6_sd1","Rh7_sd1","Rh8_sd1","QC1_sd1","QC2_sd1","QC3_sd1","QC4_sd1","QC5_sd1","QC6_sd1","QC7_sd1","QC8_sd1","QCt1_sd1","QCt2_sd1","QCt3_sd1","QCt4_sd1","QCt5_sd1","QCt6_sd1","QCt7_sd1","QCt8_sd1","simuCH4_sd1","prod_sd1","oxid_sd1","diff_sd1","ebu_sd1","pla_sd1","conc1_sd1","conc2_sd1","conc3_sd1","conc4_sd1","conc5_sd1","conc6_sd1","conc7_sd1","conc8_sd1","conc9_sd1","conc10_sd1"
"1",0,0,0.00348855270850271,0.00344934776443348,0.00348094814669754,0,0,0,0,0.000933809402394354,7.07106781186666e-05,0.00154369686143351,0.000794984276574135,7.07106781186666e-05,0,0,0,0,0,0,0,0,0,0,0,0,0,0,0,0,0.00921883940634612,0,0.00246312809248727,0.00272525228189979,0.00983117490435401,0.00108489630840925,0.00073824115301167,0.0295997972966033,0.036816069860864,0.0416436429722471,0.00711919939319005,0.000594138031100426,7.0710678118804e-05,4.47213595502888e-05,0,0
"2",0,0,0.00176635217326545,0.0017369513522257,0.00173695135222656,0,0,0,0,0.00051185935568295,5.47722557505106e-05,0.000764852927038964,0.000412310562561721,5.4772255750541e-05,0,0,0,0,0,0,0,0,0,0,0,0,0,0,0,0,0.00775744803398644,0,0.00163187009286891,0.00209165006633518,0.00889336831577328,0.000328633534503101,0.00199047732968753,0.0172328755580721,0.0281683332840266,0.0812020750966378,0.0145867405543528,0.0009989994994995,0.000151657508881146,0,0,0
"3",0,0,0.00165287628091174,0.00164711869639085,0.00164711869639055,0,0,0,0,0.000476445169982881,4.47213595499909e-05,0.000724568837309469,0.000370135110466478,4.47213595499909e-05,0,0,0,0,0,0,0,0,0,0,0,0,0,0,0,0,0.0064730209330729,0,0.00207725780778411,0.0017343586710943,0.00711139929971592,0.00105451410611712,0.0003286335345031,0.0282927022392701,0.026058587835875,0.0707003677501044,0.0165319992741351,0.00157860698085348,0.000167332005306425,0,0,0
"4",0,0,0.00131415372008076,0.00131415372007955,0.00127397017233476,0,0,0,0,0.000367423461417587,4.47213595499909e-05,0.000585662018573807,0.00028809720581775,4.47213595499909e-05,0,0,0,0,0,0,0,0,0,0,0,0,0,0,0,0,0.00638999217526907,0,0.000572712842531053,0.000852642949891697,0.00748565294413253,0.00125817327900414,0.00232228335911017,0.0277969962406013,0.02996759916977,0.0348097256524668,0.0101048008392051,0.00142021125189229,0.000167332005307115,4.47213595498916e-05,0,0
"5",0,0,0.0108873780130936,0.0108695446086761,0.0109191116854811,0,0,0,0,0.00328298644529665,0.000204939015319218,0.00467835441154245,0.00247325696198372,0.000240831891575819,0,0,0,0,0,0,0,0,0,0,0,0,0,0,0,0,0.030271521269999,0,0.00650169208744923,0.00598331012066063,0.0261188629155252,0.00748231247676815,0.00170880074906351,0.0128119865750788,0.0735879269989311,0.0549023405694149,0.00774338427304257,0.000973652915570629,0.000134164078650469,4.47213595498916e-05,4.47213595498916e-05,0
"6",0,0,0.00714338855166155,0.00715436929435432,0.00712657000246236,0,0,0,0,0.00208997607641771,0.000134164078649973,0.00312217872646587,0.00162080227048203,0.000164316767251532,0,0,0,0,0,0,0,0,0,0,0,0,0,0,0,0,0.0343851421401745,0,0.00795028301383037,0.0052586119841647,0.0390734820562489,0.00717391106719339,0.00135018517248562,0.0223822027512933,0.082216543347431,0.0372935651285848,0.00905610291460931,0.000880340843083068,0.000114017542509648,4.47213595498916e-05,4.47213595498916e-05,0
"7",0,0,0.0109115993328154,0.0108246016092972,0.0108773618124963,0,0,0,0,0.00298043620968598,0.000230217288664401,0.00484695780877046,0.00252922913157389,0.000240831891575819,0,0,0,0,0,0,0,0,0,0,0,0,0,0,0,0,0.0179793492651988,0,0.00119037809119625,0.00584876055245899,0.0169679992927864,0.00971843608817797,0.0012186057606954,0.00993946678650319,0.0312759012659907,0.0115076061802617,0.00387104637016916,0.000658027355054813,0.000122474487138873,0,0,0
"8",0,0,0.00394170014080249,0.00400537139351643,0.00402740611311918,0,0,0,0,0.00101390334845084,7.0710678118647e-05,0.00186064504943793,0.000976217188949262,0.000109544511501021,0,0,0,0,0,0,0,0,0,0,0,0,0,0,0,0,0.0476805725636761,0,0.00168077363139716,0.00796504865019659,0.0416061053212147,0.00423284774117853,0.000813633824272319,0.0132027648619522,0.00760019736585822,0.00346741978998776,0.0011999999999999,0.000364691650576041,8.94427191004782e-05,4.47213595498916e-05,0,0
"9",0,0,0.0098509897979866,0.00983448015911326,0.00980902645526129,0,0,0,0,0.0022567675999089,0.000200000000000089,0.00465263366277655,0.00246819772303603,0.000228035085019914,0,0,0,0,0,0,0,0,0,0,0,0,0,0,0,0,0.0477066766815714,0,0.0124102779984979,0.00230586209474895,0.0489392174028152,0.0064751833950862,0.00066558245169175,0.031915309805797,0.0141085789504118,0.00710795329191164,0.000665582451691886,0.00015811388300805,4.47213595498916e-05,4.4721359550686e-05,0,0
"10",0,0,0.0129430290117873,0.0129812557173789,0.0129812557173811,0,0,0,0,0.00304171004535275,0.000288097205817762,0.00614271926755564,0.00321822932681896,0.000286356421265536,0,0,0,0,0,0,0,0,0,0,0,0,0,0,0,0,0.0172610254620054,0,0.00661233695451162,0.00195269045165895,0.020087433882903,0.0112532217609003,0.00180055546984812,0.028048671982823,0.0403918679934464,0.017341049564545,0.0028604195496465,0.000114017542509648,0,0,0,0
"11",0,0,0.00988053642268605,0.00988367340618095,0.0099087335214947,0,0,0,0,0.00236368356596242,0.000207364413533278,0.00462622956628862,0.00246941288568776,0.000248997991959771,0,0,0,0,0,0,0,0,0,0,0,0,0,0,0,0,0.0144505017213936,0,0.00581334671252283,0.00413859879669436,0.0104433232258702,0.00446463884317646,0.000304959013639538,0.028430845924805,0.0733560017994438,0.0230252687280736,0.00484902051965155,0.000363318042491781,0,0,0,0
"12",0,0,0.00685908157117136,0.00686134097680624,0.00684492512742068,0,0,0,0,0.00172046505340865,0.000130384048104058,0.00314245127249417,0.00164529632589376,0.000130384048104058,0,0,0,0,0,0,0,0,0,0,0,0,0,0,0,0,0.0104161893223961,0,0.00596682495134556,0.00587051956814727,0.0132023482759697,0.00152643375224737,0.000581377674149945,0.0319216697558258,0.164611087111409,0.0333293714312166,0.00667630137126827,0.000549545266561206,4.47213595498916e-05,0,0,0
"13",0,0,0.00196392464213872,0.00200074985942765,0.00196392464213872,0,0,0,0,0.000543139024560053,7.07106781186666e-05,0.000909395403550977,0.000474341649025251,5.47722557505106e-05,0,0,0,0,0,0,0,0,0,0,0,0,0,0,0,0,0.0083190744677518,0,0.00104403065089106,0.000887130204648674,0.00828927017294044,0.0017541379649275,0.00106770782520313,0.0314562871299204,0.0897013210605059,0.034044279989449,0.00821626435796704,0.000733484832835688,8.36660026532126e-05,0,0,0
"14",0,0,0.00300199933377724,0.00301910582788986,0.00297119504576852,0,0,0,0,0.000816700679563833,8.36660026533983e-05,0.00132928552237646,0.000717635004720303,8.36660026533983e-05,0,0,0,0,0,0,0,0,0,0,0,0,0,0,0,0,0.00803909198852705,0,0.00193984535466104,0.00170733710789639,0.00880806448659409,0.00110589330407595,0,0.00975371724010902,0.0470164120281418,0.0328234215157408,0.00800074996484706,0.000847348806572344,4.47213595502888e-05,0,0,0
"15",0,0,0.00109453186340121,0.00108949529599666,0.00108949529599728,0,0,0,0,0.00030495901363949,0,0.000482700735445765,0.000228035085019802,0,0,0,0,0,0,0,0,0,0,0,0,0,0,0,0,0,0.00704684326489528,0,0.000640312423743285,0.00443531284127738,0.00826849442159817,0.000641872261435248,0.00360624458405139,0.0180192952137424,0.0387275999772772,0.0319559853548596,0.00778665525113296,0.000841427358718418,8.94427190997831e-05,0,0,0
"16",0,0,0.00235010638056999,0.00236706569406089,0.00235010638057135,0,0,0,0,0.000697853852894916,5.47722557505106e-05,0.00103295692068919,0.000570087712549506,5.47722557505106e-05,0,0,0,0,0,0,0,0,0,0,0,0,0,0,0,0,0.0142268408299243,0,0.000955510334847299,0.00356131998000742,0.0156244999919997,0.00230802946255025,0.00274280877933552,0.0372918489753458,0.0536651190253036,0.0524517587884333,0.00997521929583511,0.000918150314490847,0.000122474487138873,0,5.4772255750389e-05,0
"17",0,0,0.00606201286702597,0.00608506368084979,0.00609565418966533,0,0,0,0,0.0018207141456029,0.000114017542509901,0.00261629509038987,0.00140605832026972,0.000130384048104039,0,0,0,0,0,0,0,0,0,0,0,0,0,0,0,0,0.0174932272608573,0,0.00317537399372106,0.00451475359239018,0.0155853456811198,0.00518970134015436,0.00135904378148756,0.00529594184258096,0.0404492274339078,0.0442037102515164,0.00969396719614817,0.00107144761887812,0.000130384048104498,0,0,0
"18",0,0,0.00302869608907784,0.00301048168903257,0.00302869608907975,0,0,0,0,0.00084380092438913,8.94427190999817e-05,0.0013164345787,0.000694982014156085,8.36660026533983e-05,0,0,0,0,0,0,0,0,0,0,0,0,0,0,0,0,0.0217931640658257,0,0.000593295878967649,0.00617235773428599,0.0168675131539892,0.00256709953059865,0.00115238882327104,0.0179994999930554,0.0220944563182714,0.0361854666958987,0.00692336623327103,0.000936482781475556,0.000114017542509648,0,0,0
"19",0,0,0.00679080260351883,0.00675995562115613,0.0067609170975561,0,0,0,0,0.00180222085217026,0.000130384048104141,0.00306757233003649,0.00159154013458637,0.000130384048104039,0,0,0,0,0,0,0,0,0,0,0,0,0,0,0,0,0.0333643971922171,0,0.00315277655408686,0.0111876270942502,0.0372837498114125,0.00608974547908201,0.00159624559513879,0.0161852401897531,0.0118436903032796,0.0107448592359323,0.00371214223865433,0.000618869937870338,0.000109544511500778,0,0,0
"20",0,0,0.0114879066848528,0.011487906684858,0.0114796776958205,0,0,0,0,0.00281282775868099,0.000240831891575819,0.00535938429299578,0.00279338504327683,0.000260768096208188,0,0,0,0,0,0,0,0,0,0,0,0,0,0,0,0,0.0516270955991134,0,0.00453905276461951,0.0114629839047257,0.0560046694481809,0.00951934871721805,0.000771362431027075,0.025801027111338,0.00686053933739919,0.00529461991081517,0.00106301458127329,0.000304959013639526,4.47213595498916e-05,0,0,0
"21",0,0,0.0177578996505784,0.0177425477313711,0.017708529018526,0,0,0,0,0.00423438307194791,0.000378153408023786,0.00834116298845643,0.00439488338866943,0.000378153408023836,0,0,0,0,0,0,0,0,0,0,0,0,0,0,0,0,0.038696731128094,0,0.0136681381321671,0.00655705726679278,0.0317804499653482,0.00769382869577949,0.0102167998903766,0.0028761084819596,0.0270556463607877,0.0112055789676393,0.00163248277173143,0.000181659021245426,4.47213595498916e-05,0,0,0
"22",0,0,0.0136428735975948,0.0136607100840343,0.0136476005217027,0,0,0,0,0.00321822932681959,0.00027748873851025,0.00640546641549221,0.00339293383371972,0.00032093613071761,0,0,0,0,0,0,0,0,0,0,0,0,0,0,0,0,0.020785451642916,0,0.0116188209384602,0.00599791630485121,0.0183840147954684,0.00329590655207337,5.47722557505168e-05,0.0125677364708209,0.0527763678174238,0.0221654460816832,0.00323651046653666,0.000238746727726138,0,0,0,0
"23",0,0,0.00515053395290085,0.00517638870256025,0.0051505339529021,0,0,0,0,0.00124779806058519,8.94427191000034e-05,0.0024275502054535,0.00128646803302714,0.000122474487139168,0,0,0,0,0,0,0,0,0,0,0,0,0,0,0,0,0.00305401375242479,0,0.00357099425930651,0.00189868375460475,0.00248052413816113,0.00481217206674906,0.000763544366752843,0.0368126608655229,0.115336516333727,0.0443139594258965,0.00643762378521777,0.0004711687595755,0,0,0,0
"24",0,0,0.00487103685060933,0.00487103685060997,0.00483973139750491,0,0,0,0,0.00123571841452635,8.94427190999817e-05,0.00223159136044223,0.00117686022959409,0.000130384048104062,0,0,0,0,0,0,0,0,0,0,0,0,0,0,0,0,0.00312617977730009,0,0.00296529931035638,0.00312681947032444,0.00601398370466699,0.00330786940491912,0.000476445169982864,0.0457798536476473,0.0847896043156235,0.0693153157678734,0.0138797334268349,0.00102859126965016,4.47213595502888e-05,0,0,0
"25",0,0,0.00304105244939945,0.0030323258400116,0.00304335341358796,0,0,0,0,0.000837854402626232,7.0710678118647e-05,0.00136124942607873,0.00076026311234997,8.94427190999817e-05,0,0,0,0,0,0,0,0,0,0,0,0,0,0,0,0,0.00354160980346509,0,0.0014422205101856,0.00192795228156716,0.00260672207954741,0.00201940585321525,4.47213595499955e-05,0.0134192771787456,0.0798270129718005,0.0889037007103753,0.0181400937153037,0.00155659885648149,0.000122474487138873,0,0,0
"26",0,0,0.00221697992773974,0.00220839308095222,0.00223986606742411,0,0,0,0,0.000618869937870707,4.47213595499909e-05,0.000985900603509307,0.000492950301754654,4.47213595499909e-05,0,0,0,0,0,0,0,0,0,0,0,0,0,0,0,0,0.00489111439244678,0,0.00165287628091155,0.0016798809481627,0.00392339139011136,0.000972111104761182,0.000403732584763727,0.0276964257621809,0.0795261906544,0.129575549391079,0.025756319612864,0.00217669474203409,0.000194935886896158,0,0,0
"27",0,0,0.00465026880943456,0.00466926118352785,0.00466926118352781,0,0,0,0,0.00132853302555874,8.36660026534183e-05,0.00204034310840109,0.00107470926301023,9.9999999999989e-05,0,0,0,0,0,0,0,0,0,0,0,0,0,0,0,0,0.00964660562063153,0,0.00338924770413731,0.0024265201420965,0.010582438282362,0.00166823259769135,8.3666002653407e-05,0.0320556235316052,0.0717181845838277,0.0955445550515571,0.0245150362022984,0.00269443871706154,0.000244948974278472,0,0,0
"28",0,0,0.00173349358233636,0.00173349358233597,0.00169941166290013,0,0,0,0,0.000506951674225508,5.4772255750541e-05,0.000721110255092564,0.000420713679359338,4.47213595499909e-05,0,0,0,0,0,0,0,0,0,0,0,0,0,0,0,0,0.0090497513778004,0,0.000167332005306814,0.00476004201662129,0.00571375533252869,0.00163554272337962,0.000114017542509914,0.0261422455041643,0.0776702774554075,0.0649160072709343,0.0198107798937853,0.00254106276978748,0.000240831891576243,0,0,0
"29",0,0,0.00396509772893537,0.00394499683143117,0.00393357343899907,0,0,0,0,0.00120083304418235,8.36660026534183e-05,0.00166433169770931,0.000887693640846928,8.94427190999817e-05,0,0,0,0,0,0,0,0,0,0,0,0,0,0,0,0,0.0177793419450777,0,0.00173579952759528,0.00621795786412226,0.0186760541871135,0.00408998777504286,0.00212061311888803,0.0163115909708403,0.0581445440260734,0.0586133687822153,0.0145985615729769,0.00201419959289033,0.000258843582111082,0,5.4772255750389e-05,0
"30",0,0,0.0130695064941273,0.0130776526945782,0.0131038925514524,0,0,0,0,0.00393192065026752,0.000277488738510314,0.00565269847064188,0.00293887733667134,0.000277488738510202,0,0,0,0,0,0,0,0,0,0,0,0,0,0,0,0,0.00638842703644649,0,0.00143979165159406,0.00308706980808662,0.0164519907609991,0.0121607154394797,0.000466904701197152,0.0328148137279491,0.0524485462143613,0.0359269119185047,0.0085112866242419,0.00139570770578934,0.000204939015319494,5.4772255750389e-05,0,0
"31",0,0,0.00700514096931016,0.00700656834691563,0.00700835216009992,0,0,0,0,0.00203543607121408,0.000130384048104039,0.00308269362733352,0.00159749804381747,0.000164316767251532,0,0,0,0,0,0,0,0,0,0,0,0,0,0,0,0,0.0256726118655661,0,0.00334110760078151,0.0204270653790504,0.0269240970136418,0.00510852229123055,0.000756967634711024,0.0097451013334906,0.0229478757186802,0.0147809674920151,0.00419666534286459,0.000864291617453594,0.000134164078649675,0,0,0
"32",0,0,0.011818206293678,0.0119030668317035,0.0119363729834487,0,0,0,0,0.00313017571391738,0.000268328157299945,0.00541276269570358,0.00282435833420594,0.000240831891575898,0,0,0,0,0,0,0,0,0,0,0,0,0,0,0,0,0.0365986338542848,0,0.00879590813958405,0.00685878998074733,0.039496860634739,0.00317679083352998,0.000719722168617863,0.00531573137018794,0.0194458735982728,0.0108704645714892,0.00230824608740049,0.000477493455452276,8.36660026532126e-05,0,0,0
"33",0,0,0.0175416646872547,0.017516649222953,0.0175416646872543,0,0,0,0,0.00435281518100646,0.000393700393700632,0.00816957771246471,0.00427059714794105,0.000409878030638339,0,0,0,0,0,0,0,0,0,0,0,0,0,0,0,0,0.041935486166253,0,0.0116738168565384,0.0125286471735778,0.0529848752003815,0.0100604671859711,0.00122270192606375,0.0353570077919498,0.0371147544785089,0.0108943563371133,0.00182838726751173,0.000248997991959872,5.4772255750389e-05,0,0,0
"34",0,0,0.0101264505133856,0.0100857820718084,0.0100753659983151,0,0,0,0,0.00246231598297221,0.000207364413533305,0.0046907355499953,0.00246819772303601,0.000240831891575819,0,0,0,0,0,0,0,0,0,0,0,0,0,0,0,0,0.0337804381262292,0,0.00257390753524675,0.0116275534829989,0.0273838456028367,0.0112217200107648,0.00159593232939245,0.0290619510700847,0.0623246981541026,0.023737249208786,0.00374366130946719,0.000291547594742347,0,0,0,0
"35",0,0,0.00779358710736081,0.00781204198657396,0.0078311557256886,0,0,0,0,0.00195371441106412,0.000158113883008419,0.00364101634162754,0.00190735418839804,0.00016733200530682,0,0,0,0,0,0,0,0,0,0,0,0,0,0,0,0,0.0154368066645923,0,0.00365691126498853,0.00546058604913428,0.0189942886152654,0.00657365955918011,0.00102713192920871,0.0255075871065846,0.14085337411649,0.0418101303513873,0.0075041321949975,0.000517687164221906,4.47213595498916e-05,0,0,0
"36",0,0,0.00327536257535002,0.00328892079564016,0.00332761175619897,0,0,0,0,0.000882043082847986,8.94427190999817e-05,0.00147377067415555,0.000795612971236634,7.07106781186666e-05,0,0,0,0,0,0,0,0,0,0,0,0,0,0,0,0,0.0138006159282838,0,0.00251435876517255,0.00284376510984997,0.0133515167677684,0.00312841813062129,0.000122474487139159,0.0587002555360708,0.138954129121808,0.0691268616385845,0.0144726293395497,0.00111130553854445,7.0710678118804e-05,0,0,0
"37",0,0,0.0033682339586198,0.00336823395861988,0.00336273698049664,0,0,0,0,0.000923579991121579,4.47213595500157e-05,0.00153720525630122,0.000820365772079717,8.36660026533983e-05,0,0,0,0,0,0,0,0,0,0,0,0,0,0,0,0,0.00586745259887116,0,0.00110317722964173,0.000920869154657705,0.00397781346973434,0.002609022805573,0.000207364413533277,0.0349552142033202,0.0824314139148419,0.0841008323383307,0.0178833162472734,0.00157892368403304,0.000122474487139236,0,0,0
"38",0,0,0.0024419254697881,0.00242837394154979,0.00242837394154979,0,0,0,0,0.000687022561492841,4.47213595499909e-05,0.00107796103825681,0.000577061521850173,7.0710678118647e-05,0,0,0,0,0,0,0,0,0,0,0,0,0,0,0,0,0.00475426124650297,0,0.00125019998400256,0.000924662100445346,0.00346150256391643,0.00171959297509614,0.000240831891575846,0.024010518528345,0.0757849457346247,0.116943349533011,0.0240220107401526,0.00210190389884971,0.000216794833886897,4.47213595498916e-05,0,0
"39",0,0,0.00513390689436425,0.0051339068943642,0.00517155682556026,0,0,0,0,0.00149899966644417,0.000114017542509928,0.0022320394261751,0.00120706255016052,0.000114017542509901,0,0,0,0,0,0,0,0,0,0,0,0,0,0,0,0,0.0144261221400625,0,0.0042485291572496,0.00409292071753168,0.0111399281864831,0.00109544511501034,0.000230217288664427,0.0324963536416011,0.0659087475226165,0.0962697408327249,0.025926492242492,0.00262906827602485,0.000258843582111013,4.47213595498916e-05,0,0
"40",0,0,0.00123369364106403,0.00125019998400259,0.00125019998400251,0,0,0,0,0.000389871773792532,4.47213595499909e-05,0.000554977477020643,0.000268328157300003,4.47213595499909e-05,0,0,0,0,0,0,0,0,0,0,0,0,0,0,0,0,0.00178101094887145,0,0.0003605551275464,0.00191911437908219,0.00335737993083893,0.00119457105272144,0.00226008849384266,0.0222711248032065,0.0695475736456707,0.047928123268077,0.0149869276371108,0.00227705950734663,0.000254950975679742,4.47213595498916e-05,0,0
"41",0,0,0.00430151136230108,0.00429860442469454,0.00430151136230097,0,0,0,0,0.0013292855223767,0.000109544511501036,0.00185418445684374,0.000968504001024039,0.000109544511501044,0,0,0,0,0,0,0,0,0,0,0,0,0,0,0,0,0.0177912056927011,0,0.000683373982530795,0.00680198500439395,0.0177393066380848,0.00439340414712783,0.000637965516309463,0.0271548706496643,0.114624007084031,0.0456512540901123,0.012092477000185,0.00161338154197914,0.000264575131106514,0,0,0
"42",0,0,0.00935697600723624,0.00930956497372454,0.00934692462791918,0,0,0,0,0.00282701255745332,0.000181659021245903,0.00403298896601589,0.00211352785645256,0.000216794833886764,0,0,0,0,0,0,0,0,0,0,0,0,0,0,0,0,0.0128508754565596,0,0.000313049516849972,0.00471433982652926,0.0151330763561148,0.00911191527616454,0.000421900462194582,0.00761925193178429,0.0205774876989392,0.0146973466993198,0.00513449121140562,0.000985900603509794,0.000181659021245426,4.4721359550686e-05,0,0
"43",0,0,0.000796868872526948,0.000770064932327616,0.000712741187247455,0,0,0,0,0.000194935886895725,4.47213595499909e-05,0.000364691650577697,0.000164316767251167,5.47722557505106e-05,0,0,0,0,0,0,0,0,0,0,0,0,0,0,0,0,0.0225109306782283,0,0.000622093240599835,0.00483766472587755,0.0232044607780486,0.0010784247771634,0.000674536878161602,0.00606934922376366,0.00515101931660143,0.00431705918421331,0.00128724512040232,0.000463680924774471,8.94427191004782e-05,0,0,0
"44",0,0,0.00382922968755267,0.00387904627453699,0.00382400313807471,0,0,0,0,0.000976217188948734,8.94427190999817e-05,0.00181383571472061,0.000951314879521579,8.36660026533983e-05,0,0,0,0,0,0,0,0,0,0,0,0,0,0,0,0,0.0193443790285446,0,0.00427691477586359,0.00346511183080721,0.0217843292299763,0.00135018517248565,0.000433589667773576,0.00499619855490161,0.001875366630822,0.00279159452643103,0.000644204936336409,0.000194935886896317,8.36660026532126e-05,4.47213595498916e-05,4.47213595498916e-05,0
"45",0,0,0.00575282539279826,0.00574047036400276,0.00571681729636724,0,0,0,0,0.00129344501236029,8.94427190999817e-05,0.0027491816964324,0.00143282936876634,0.000130384048104039,0,0,0,0,0,0,0,0,0,0,0,0,0,0,0,0,0.0275055812518113,0,0.00414728827066556,0.0121361855621938,0.0295785733259736,0.002704995378924,0.00101734949746879,0.00887118932274584,0.0044013634251218,0.000384707681233523,0.000230217288664469,0.000109544511500778,0,0,0,0
"46",0,0,0.00338422812469799,0.00335886885721903,0.0033605059142927,0,0,0,0,0.000725947656515711,8.36660026534381e-05,0.00161616830806618,0.000846758525200839,8.94427190999817e-05,0,0,0,0,0,0,0,0,0,0,0,0,0,0,0,0,0.0249988599740067,0,0.00353581673733242,0.00350499643366439,0.0218159803813627,0.00519634486923258,0.000364691650576209,0.0118873041519093,0.00794367673058261,0.00540398001476678,0.000642650760522463,4.47213595502888e-05,4.47213595498916e-05,0,0,0
"47",0,0,0.006546143903093,0.0065778415912831,0.00657670130080422,0,0,0,0,0.00143631472874139,0.000141421356237314,0.00316464847968894,0.00169056203672022,0.000148323969741946,0,0,0,0,0,0,0,0,0,0,0,0,0,0,0,0,0.015956910728584,0,0.00146219013811475,0.00102225241501304,0.0180860996348024,0.00593818153983188,0.000960728889958036,0.0262905876693542,0.0165902983698305,0.0104329765647199,0.00182153781185019,8.94427190997831e-05,0,0,0,0
"48",0,0,0.00222643212337593,0.0022210357943986,0.0022210357943986,0,0,0,0,0.00050199601592039,5.47722557505106e-05,0.00107331262919993,0.000535723809439017,7.0710678118647e-05,0,0,0,0,0,0,0,0,0,0,0,0,0,0,0,0,0.00388007731881725,0,0.00162696035600134,0.000873498712076899,0.00454730689529528,0.00104163333279997,0.000433589667773576,0.0121701273617001,0.0195069987440405,0.0107698653659181,0.00230390972045348,0.000219089023002042,0,0,0,0
"49",0.413510743512185,0,2.53438651353735,2.72172368546111,2.60852772402365,0.414611297482353,0.308675390985417,0.0547350162144856,0.0658410814005967,1.44535156380723,0.0269233170318963,0.355523651815178,1.8942238930496,0.0707011103165997,0.923943688760305,0,1.98167259455239,3.75775335832463,0.0607816748699817,4.23127806543129,6.32258501025917,1.96252223095244,0.923962691346355,0,1.98159928037936,3.08832766671543,0.0605247717880869,1.36171200259086,6.76382227937725,0.143165872329966,10.7444394085034,0.606748741243029,0.180607355885634,0.306148978440236,11.0111707464284,0.110053041757145,0.0227059463577275,1.07753329786137,0.919576307328543,1.10214539512716,1.18771438696347,0.936187542643033,0.915266024170022,0.920735103056248,0.933713937456221,0.947165611178953
"50",0.23490975501243,0,1.80258550754188,1.88223832763016,1.8026545176489,0.000234520787991171,5.47722557505166e-05,0,0.000173205080756888,0.968825236046213,0.0166398617782721,0.218263389050935,1.27927392961789,0.048283692899363,1.62497752076759,0,3.25871818158613,6.26974755337088,0.0968072724540783,6.94867704552457,10.1145405432954,3.37573924200272,0.700985012678588,0,1.27718089047715,2.07638454362384,0.0360832786758631,0.912231697541803,4.46730028619076,0.091854896439983,0.803281699032164,0.339189441168206,0.146217208289585,0.281957768114305,0.929073271061007,0.106399920112752,0.0181247896539518,1.34439533136648,1.27780818709226,1.49831635411217,1.61767214539906,1.4579170020958,1.41944335815136,1.41521258897736,1.42519743965529,1.43580607778349
"51",3.09573790508822,0.0932887077839542,3.64343645450281,5.39308446837244,3.87768442849596,0.310687226966285,0.189447900489818,0.0407275950677179,0.218735609812394,2.17846256153279,0.038633961743523,0.516718024651744,2.53666911776053,0.0904889606526675,2.14508636003308,0.00930258028720472,5.41696471993311,10.7957236791704,0.190501881880468,12.6188958303411,19.0682047132693,5.56284878385356,0.518619525278407,5.47722557505106e-05,2.18707534460978,4.5546891637081,0.0933015541135302,1.78418605167735,9.00913997421507,0.194350412914406,0.760212626835414,1.10441578809794,0.224216692063727,0.279915671229747,0.689888820753025,0.118218979017753,0.0255811063091493,1.16380800091768,1.10545889701969,1.37779519450461,1.56460785438397,1.52651298651535,1.50241056239631,1.5035763292896,1.51809759831178,1.53399547848095
"52",6.76223820764989,11.5045102243859,5.73492772290985,6.44095100625676,4.55245213890273,4.31910416348113,3.03925827908719,0.256710745782096,1.27406058136966,2.9185588544691,0.0633933198373456,0.85699090018506,3.25566326959654,0.128364882269256,9.32463395008083,0.40886864638903,6.22192363767026,16.561236037597,0.345698510265801,20.0034927453183,30.4753413199138,8.37007841928428,0.630716049423193,0.0011009087155618,2.29871632395126,6.08740452713634,0.15562748793192,2.22764737671832,11.4763615306856,0.265865552488471,0.913931719550208,1.45430363989093,0.482081308494739,0.268284984671151,0.942842485254032,0.190879883696528,0.015439883419249,1.23653549160548,0.932345117432381,1.16764552283645,1.39238980641198,1.45568327186926,1.45615146602268,1.46809241773125,1.48949173109487,1.51239724014559
"53",11.951972789795,2.71113706625099,14.2355325375274,8.74785078787927,6.7530443146036,9.94189919240786,7.12394487815564,0.919994824441964,2.53692360783686,5.31122737114502,0.171954746953959,3.42873224632662,3.87026675269289,0.196156807172221,4.48720323664975,0.357842758764239,6.50760739350493,25.6426553888243,0.782855730642634,31.1639523686904,45.375208061585,11.9993690081168,1.22213724761174,0.00330832283793464,2.2347184368506,10.9764085700652,0.443130406313988,5.32567791741108,14.3453008482917,0.449870156823055,1.96103060353478,2.63377356790594,0.0986647100031212,0.648238503947428,1.20023995017663,0.638453071885475,0.0626917219415769,1.2089374810138,0.999728057023509,0.962156333451067,0.915342719968865,1.29369512366709,1.35730591872282,1.38988986362229,1.42775093766385,1.46599676091047
"54",15.4941218299715,6.65494955893732,23.1106704796075,14.1255564833036,15.1039138837256,10.7635976637925,8.42435718497263,1.45047760306735,2.13670297584854,9.13060557454981,0.38366767911827,9.23458851205618,4.39446635360882,0.338584276067274,6.74442661721513,0.933655794712379,7.0460993730574,41.5470916062725,1.80934796211233,47.763009546332,63.5259110282,15.5753414602079,0.84669568795406,0.00739547158739723,2.42901798634757,20.0747725524351,1.03910451254915,14.9786282747119,15.8762908998922,0.74440952640331,2.65663215142782,4.26239346517892,0.949280149903073,1.08435410867484,1.9232517411925,1.16247660750658,0.141363619789534,1.97154948707863,1.28659813578289,1.24502370539681,1.08913340872457,1.66220199945735,1.74673591392632,1.76470718109266,1.79433460229691,1.82272678506681
"55",14.8504766076042,3.30662330784745,32.8943666419191,22.4980575586427,23.3585584240552,12.832841871464,11.4208766339104,2.51398943712976,1.49204333650199,10.4777523504805,0.611712168425641,15.2828419337831,4.71232478687537,0.479268575018225,7.63756293427425,1.24351780646679,8.55227658305086,61.798482027854,3.49060029264309,69.1885040379325,81.8578745352467,17.890735332932,1.04469063841886,0.0130389033281178,2.6104576748149,23.9405868389227,1.69478295896554,25.7264033291092,15.1269059606715,1.00630146725522,3.48318454506792,6.86966129281495,1.90853063297396,2.16482190537698,2.16107318871898,2.0127642924595,0.119007449346669,2.91847431837253,2.01616532754633,1.91270393344082,1.70057104173863,2.6699774705042,2.72756700467651,2.68714387538144,2.66726289724129,2.64890074030719
"56",8.87267654983545,2.03767148284506,29.3309321601275,22.2445601186447,20.9209241420402,11.112724469139,10.5457292330592,2.88189222352259,0.971428607773108,7.30809285607401,0.652875482002502,15.3867344928026,4.52524442245941,0.506400205371206,7.93664736604821,1.42753723664218,10.4507510069851,76.003944133229,5.25594787217301,90.7753569053959,99.0857375924487,20.4146481223646,1.1162072150815,0.0163095677441188,2.74799459788406,16.2984187069789,1.77827834519796,24.7620557398815,14.7109434596494,1.04893459281311,3.20102847347536,6.09800524294626,1.49872142608291,1.387375741463,1.97551177369309,1.78855577715653,0.109708946763698,2.86588584333012,2.29453839758676,2.23807667496,2.00752308156096,3.10507724332262,3.19843277293739,3.13117363699301,3.07160089481039,3.01989095034904
"57",5.65100533507092,1.79674047736449,23.6037204075332,19.632126765585,18.9112116315428,6.89221605022652,4.72001844826903,2.05349117431753,0.80617765845997,4.89936956097415,0.693673822484314,14.8640154424032,4.76327298682324,0.542391991091314,7.78661272743161,1.34303507511904,13.6255571257472,85.7734515092403,7.23094988469703,112.426251642666,115.192946908444,23.4411711177136,1.04427388026322,0.0159799874843506,2.90918468698706,11.6139406274098,1.98627376939837,24.5246205431807,14.969630406493,1.14467633285571,5.0512192416287,7.10897020144268,1.58527717828776,1.9418960651899,2.35939006249497,2.13791039498853,0.0910489593570404,2.85821509390039,2.31574490564052,2.25311639135665,2.0279413620714,3.36127439120938,3.49108526363937,3.41412855894443,3.32711269391345,3.25327401581853
"58",9.12655330023334,4.89105238062321,7.3203287413886,8.86366644047484,5.37858916956854,5.86315766605334,3.74340053921565,1.18431629347907,1.22126059872576,1.86377087835388,0.327144351930459,5.61378410236803,3.93990890821095,0.336037361018087,9.51383382622378,1.74568165683207,15.744289204248,87.1921788052575,8.06828379130283,123.421428786119,130.042724885389,27.0321908165582,0.949829398892242,0.014401284664918,2.69243062826139,4.18028313155939,0.847193869784243,6.46648298691027,14.4301671661142,0.691858717513916,2.1432413881782,2.00330842982303,0.461357298630898,0.326996999986238,2.01291749905454,0.766517719951731,0.014575939077809,0.961643025243775,1.51768444579234,1.68517552409237,1.45861129400536,2.21283986248441,2.42209123279863,2.4069361287745,2.35662191770339,2.31484984977428
"59",4.12224116773873,3.31748546040522,4.15943882068242,7.27430027755247,5.45946000443267,3.11343320821244,1.74413370674384,0.755323207640279,0.787245821201993,1.80931253933642,0.220657082369907,3.62370794532341,4.1321502743729,0.273130573169684,9.58289558343405,1.82528855170903,18.6683267398286,87.5241271557906,8.62606584562163,131.439409874094,145.086256049646,30.9154584653043,0.946962329240187,0.0206174198191724,2.81867757148632,4.19735669594568,0.575184938085134,3.79958030813931,15.521028490084,0.583040151276051,2.35907095760174,2.70634086304737,0.824467893856395,0.598226334258197,2.10905834603977,0.697157509462532,0.0575722849989472,1.16009886345949,1.27432569345517,1.40584660365205,1.22791089782606,1.50518474347835,1.70762739583318,1.73488912527573,1.72087671464286,1.70836785031796
"60",2.09107052080986,1.42371847989692,6.39487935249759,7.79690849356333,7.29478804023804,1.0021927673856,1.03716648711767,0.536335546090318,0.817236074827831,1.96506215601441,0.130021967374748,3.03323910893949,4.38957775224451,0.222458598395297,9.48968971120764,1.93842635454638,20.9239386225921,86.8474290733928,8.9238802011793,137.138267792918,159.502815042751,35.7197824819524,1.00511994657354,0.0252306361394238,2.87078149081396,4.62151942947339,0.319612512270718,5.02253097481738,16.2384978596236,0.465743001020949,2.15673360826042,2.65844239395929,0.882576649362536,0.563780615133227,2.17641623707415,0.544727728319387,0.0196778301649343,0.931206033592996,0.982464109777044,1.1008104637039,1.02150276700555,1.09221810321932,1.24266769210437,1.29257798294726,1.3100664238885,1.32436106594841
"61",1.17647375363839,0.00751777892731623,5.47410905234815,6.22417891629089,5.5846098214647,0.46801632770663,0.385037748798738,0.113779009487691,0.111878916691216,1.42271352176044,0.0518125756935515,2.09970900436227,2.86789394120494,0.119446293370703,9.02231264515923,1.92083999932322,22.6129795173701,86.0311818086152,9.02056361725807,139.983940898901,169.120469191527,39.2265647598894,0.756749175751121,0.0178592273069134,1.86265863351286,3.26687793650145,0.115399493066478,4.05684521543526,10.3380773565494,0.245213594647605,1.39891430831199,1.23817289705437,0.294720364074151,0.322186099948461,1.54835413165077,0.239243050055796,0.063140383274098,0.530150348486163,0.873946950907205,1.01883019046355,1.08432433570404,1.10632756315659,1.18945691094718,1.23469889649258,1.26440953294413,1.28990971505761
"62",3.05800881342746,4.4535699110938,5.73114369676769,7.77490497723284,5.51472956336029,0.622555389503617,0.200419764494423,0.034375747264605,0.613683000416339,1.38854934806077,0.0468912251919269,2.14930040757452,2.78389581971021,0.116261631676147,10.8999616922721,1.90368823392907,24.0196453673446,85.4727950870743,9.1060219381462,142.543426768003,178.40753920375,42.7581122116369,0.796714566202978,0.0173813981025693,1.57781214027526,3.2303794247735,0.103400836553676,4.0158904140925,9.80707914605567,0.22610511493551,0.731263927730611,1.13061598122439,0.564513403738122,0.499101505708007,0.788827616149435,0.149052316318801,0.0304946716657189,0.305638973300199,0.891654213807124,1.09111100855962,1.19629880548298,1.18382623936117,1.22234115246113,1.25715134450869,1.28891729253665,1.31743579995383
"63",7.65457514745267,3.7508054764277,6.41763602247744,9.28817543869624,6.08294647707836,4.86429509744218,3.6184891913615,0.482795667959024,1.56518470251916,1.84653510472994,0.0903763630602604,2.49819557440966,3.40924035189659,0.156937000098766,10.5166238823588,2.21500284379049,24.6012929981739,86.1693891397519,9.30174234216364,145.894689486622,189.239770760974,46.4270231442617,0.923111316689379,0.0185613307712566,1.51639033794073,3.91227286279983,0.211527307929733,4.5222605628159,12.3102190286363,0.32467834544361,1.05871308908505,1.94064055662042,0.460062900047374,0.388028688372393,1.19953754130498,0.365352531125761,0.0322975695680031,0.973646465612647,0.830356415643307,0.967015094504734,0.983538301236917,1.08092493125101,1.12783109418033,1.16457042595113,1.20085356934141,1.23490136124308
"64",9.37093656167835,5.83006521292858,8.38363621479367,8.83852978186983,5.88853981331535,7.69077569995381,5.64245932701335,0.855938071357969,1.61764345329866,2.47144102154998,0.156291224961608,2.94955779058489,3.90452562355531,0.213363082561159,11.5229653868698,2.75417073544833,24.5720843845816,88.7028561039609,9.66821689987352,149.897891507126,201.760223886005,51.139485932938,0.783326839192938,0.0250160548448391,1.53909601389907,4.88134370158464,0.384607290622526,4.31258773093371,14.1554176468587,0.444164583234638,1.48447329042998,2.50717062303306,0.656257352720714,0.378650317575464,1.5287447962299,0.460911580457684,0.0277013537575332,1.16788147215375,0.984222691772548,1.03480529231349,0.883581548585075,0.941026967201259,1.0210554402186,1.06253846895065,1.10157148292791,1.13875595146634
"65",10.7108116138321,3.57506100059845,9.73568465353105,7.78207773656881,5.46324545275059,6.67376605972969,5.70141981115231,1.07479258557175,1.31013753590988,3.86175919950999,0.286718691403264,4.24554153106527,3.97390729194832,0.302615949678797,11.6828696711039,3.04774857854121,24.8186890820809,93.9322342666137,10.353955375266,154.241381641805,214.095374611934,55.0473967518165,0.982063930200066,0.0254553530716036,1.50430327294731,7.73882944139487,0.702206884044866,3.26119186157454,13.1172545985431,0.572814545031811,1.05828669934002,2.09102374161558,1.56323321036882,0.761480836922375,0.507862198829564,0.421012929730192,0.0506865564030543,0.0436523424342841,0.0917158546817288,0.981285194528074,0.896585113081854,1.04592635639418,1.14491485403937,1.17880850565306,1.20947253916738,1.23801423537858
"66",9.49967731704609,1.33674987824948,17.6449370261557,11.4870330279407,11.4315226363333,6.97236466788707,6.03868715268476,1.26406314438797,0.579998445687573,6.29358778480129,0.507911997298745,7.88053310741094,3.86275556798512,0.423672813619189,11.5124694958119,3.02706323141753,26.7982427798354,102.677088176998,11.6362947063487,160.613145839069,227.154050456212,58.8199697874094,0.938855956470427,0.0259949033466178,1.79639720774666,12.9508390127049,1.29765851709916,7.9067589281576,13.4352429068104,0.848278596334954,1.37810313365873,3.11876196158027,1.3165032016672,0.492056325027938,1.29482663974758,0.777340325726126,0.0226122090915505,2.30127747175346,1.24391865610256,1.36979200136371,1.20727948628311,1.66053778848902,1.73999143015131,1.73849250357889,1.73866567372799,1.73717883564128
"67",12.1353944463293,3.24168259195745,25.7871910793906,20.4512032771424,19.4041306236069,8.05962177288736,6.37926816782302,1.42636510122759,0.763507090340358,6.72973746352709,0.760669338806291,12.990456970869,4.69210457076566,0.565834344132627,12.1491922747975,2.97696884817426,29.7775165982155,112.593959338736,13.7263031469511,170.908262751697,239.018400907367,61.8724440519374,0.811004360654122,0.0309668048077291,2.09526938888535,15.1476168250983,2.11470603820011,16.9335053032442,14.5168558657514,1.18346278859962,3.62256316342448,6.32530592714692,2.00958566052806,1.95005320183835,2.47518455332123,1.96159549550869,0.228576547353398,3.89274838449649,2.39821151756887,2.24076211655767,1.95892236242277,2.82057584492954,2.86062849999786,2.80037245612079,2.7537495559691,2.71215676298403
"68",12.1169744474436,5.05464040531075,22.9309182608329,15.7869007340896,18.1701144047857,8.10667832142118,5.92284519103783,1.36894606358322,1.11162821932515,3.47274207118813,0.811622215072998,13.492068414702,5.20088615430102,0.623922261183234,13.5655691176227,2.97146103575328,33.3642528218002,116.924310074668,16.1159323982511,183.38518105187,249.546743386418,64.8611581005706,0.73164023467822,0.0342357707668455,2.19829998930992,8.63494142846377,2.4183898513267,18.927200021979,16.1289041084632,1.33583651207773,5.67183656173201,8.48470285024762,1.59733766092207,2.6254731396455,2.28760495606213,2.8475183783428,0.0504009424515058,4.04159519063946,3.02798571710634,2.84805126130131,2.42777832451812,3.52459039393232,3.57226272340095,3.46607131245161,3.37586449550334,3.30339606314472
"69",7.76043128550211,3.230910014222,15.0524007314448,9.42622766869122,11.0099135020671,6.40814795615707,4.77985415624787,1.21120427674278,0.721742594697029,0.908053100319579,0.613879511793642,9.34679469754204,4.66702982923829,0.536598907005968,14.455876042046,3.04490125291445,36.2968305873529,115.847460065696,17.8790618378594,192.399632995835,261.799464592928,68.7313231896685,0.709655583364212,0.0345482995239996,2.22873398973498,3.06944963666127,1.79177329006769,9.83001130533429,14.5665591025129,1.13957888713331,4.25847696166129,4.87066683812391,1.59332766466914,1.72787136587189,2.60407001211565,1.90370175631584,0.126762955945339,2.87591831646867,2.65865437900454,2.6699150623194,2.26828868048139,3.04546981564421,3.18616134368616,3.11066647038862,3.02420182494489,2.95786456704833
"70",7.07494487490892,4.02938832603659,7.05555451810841,10.4031875394996,6.93171305428896,4.72433108990045,2.89032992320946,0.982208402020671,0.995886234968633,1.00963644793559,0.345272056500378,5.43244739891699,4.06086538966758,0.374548454809254,15.5357667143595,3.36224454568671,38.3489912420783,113.186608189211,18.7788328411805,196.973573801729,274.751110759314,72.7343993620462,0.793222423409727,0.0348947990393985,2.16632960442311,3.29570983734916,0.928547463514924,5.16060991918591,14.6671527469717,0.779804029869044,2.43027103262167,2.66349269343845,0.901970993436042,0.700630065012914,2.23118473305103,0.849085024011141,0.0131059909964871,1.61259299018692,1.88766423444425,2.04245232135294,1.79411087087727,2.07729067344943,2.26581619025022,2.24759738543183,2.19391934149822,2.15134534001401
"71",4.74680116952459,2.73946025833557,5.19569870277329,9.41079897830147,7.30819310377059,2.84671500540535,1.49110109248166,1.2440656120157,0.871259327066287,0.968732518293879,0.19470425521801,4.46931323896636,3.72179059217469,0.265534419614482,15.5191639831854,3.35532557183352,39.4660713814411,111.055236170444,19.2123428648096,199.197587311034,285.465612745163,77.0244139928264,0.914953569860242,0.0302744611843052,1.82055372126175,3.0071530686016,0.457716322627891,5.66368165621974,12.7013165425872,0.496157562675407,1.38326066704725,1.63408294679309,2.05167785312412,1.13645243499233,0.830738813948163,0.5377780276285,0.102204950956399,0.0391824322879527,0.76988495374309,1.43954947535679,1.34808389575723,1.40221128151217,1.57784837452779,1.60014630956047,1.58124818956418,1.56490172790498
"72",1.36787814808191,0.935456372579716,7.5674081559012,8.73443990436708,7.91984080206162,1.5276100428447,1.68582783907492,0.691449674235226,0.891899723623682,1.45989756044731,0.081307133758361,3.83174157166164,3.5307365765517,0.176461803232314,14.6102404986023,3.34543529574254,40.8148245929711,108.529140510911,19.3688575963581,200.573011028204,295.903870685348,81.4136711429651,1.11468958235017,0.0337739988748741,1.97803465414537,3.7551166156326,0.185417213332527,6.96147852341728,12.7255221200546,0.34401959682553,1.63155951929435,1.66292334098719,0.943139259070473,0.587032216322069,1.69841036913933,0.363265061628558,0.0638369250512585,0.027147983350518,0.799727234749449,0.995910424184826,1.02634368658846,1.0740476828335,1.1897255599507,1.23268998819655,1.2476676853233,1.26032878369099
"73",1.82301056497213,0.0844911060408135,5.89094292605182,7.40098557916444,6.111565213593,0.89535510106326,0.584724352152363,0.150385248611691,0.176526958281165,1.18603400794412,0.0347224423104136,2.85721655777087,2.52263452505511,0.107097955162552,13.7513180658437,3.32603738178031,41.8959998973291,106.839516625802,19.4192205323746,201.403926448438,302.499691527949,84.4282317232493,0.93761099609593,0.0260644393762843,1.3487286736034,2.94798750251761,0.0768568149222956,5.1635032839149,8.84827202153053,0.201589600426212,0.602216483500742,1.12624002459511,1.03517347193598,0.573727093660392,0.448080601008345,0.0967910533055612,0.0185623813127519,0.422425818339741,0.882478811643656,1.09365852074585,1.18463271438873,1.12580260925262,1.17194451105844,1.20711858075336,1.23421162083332,1.25849733094671
"74",4.40104078792733,5.09997141972384,6.87108343458293,9.8447635300194,6.86369944978654,1.36370249688119,0.665675954951056,0.100039527188007,1.02226915878354,1.49316141357859,0.0472495290981826,3.12143773476262,2.88634710785103,0.118276337447522,15.9670954380564,3.2398528295279,42.682758919463,105.506710586735,19.501869900807,202.358636950618,310.719727012836,87.5490769603636,1.07151101860877,0.0265073197437991,1.28711948668335,3.45110363173869,0.104960887953561,6.07374784898089,10.4604544816657,0.245835296489337,1.17722678146566,1.52312252560324,0.220028504971515,0.271671956594714,1.31899081611662,0.25947102535736,0.018077527485804,1.01111227615928,0.872456414384123,1.0329532985571,1.13209387066621,1.12952348669693,1.15285616492258,1.18320080417484,1.21418405647579,1.24351223435879
"75",7.99404707297874,2.5991834750552,5.35965405348144,10.1375997722341,6.87440129996787,4.88306598081574,4.01554178498992,0.57564471247463,1.93287469666298,1.4157580414746,0.0563485581004519,3.33098422391941,3.01028441961885,0.137010674766604,16.0823147447126,3.69444056820516,42.0041998837854,105.023447539752,19.6092448973692,203.225263562129,319.363889279264,90.660377633273,1.09734591537947,0.025201388850617,1.06482202879167,3.30867730551047,0.129564416411297,5.96427082483685,10.429616330671,0.259785367178369,0.741307538744886,1.42154630068809,0.95589898158749,0.5063572928279,0.543446981774671,0.2265473747365,0.0790661431966932,0.0299817110919307,0.821727317910266,1.00551184627532,1.0690230867479,1.11311284782811,1.14069364993411,1.169748730711,1.20176649437401,1.23289694905941
"76",12.4467251551161,7.07521082887287,9.3955903415911,11.2379332643952,6.50404335602093,10.2488970042146,7.69416899983357,3.07519398445041,4.83971423608874,1.94141657044541,0.136684863829175,3.93025776037654,3.53506838080963,0.210504220860295,15.9273473973854,7.50855285171518,37.0045020774094,106.856000537639,19.9201176564045,203.801965821836,328.525680947585,94.9619546503042,1.09424744093829,0.0503256197179925,1.21733859505069,3.9419696126429,0.324284785335359,6.00913718207531,11.9254398564581,0.392477275775299,0.678214376137811,1.66424821826553,1.36869921385234,0.564003835979863,0,0.279310003401239,0.0578674951937614,0.0454916805580977,0.514071069989355,0.912311970764387,0.933242208646823,0.939756520062511,1.00695611870627,1.04343988087479,1.08047474982065,1.11622904325232
"77",13.5095083001936,5.02437726171115,9.7042776726555,10.3730309930126,5.72615139583298,8.82294695733801,7.73679845233156,1.08641072573866,2.12494572707163,3.21042400003489,0.225673108721443,4.34119805618219,3.72399764540742,0.276503104865027,15.3931922382916,7.29077507587499,36.0307779377992,110.798162732001,20.4623683259539,204.008525045506,339.175027617135,99.2204751272766,1.16318851739518,0.0685245430484583,1.48865089426635,6.30626376390966,0.545698357153474,5.19863963715509,12.3898748735409,0.51411208602794,0.570613803723674,1.78299675181981,1.47112242114652,0.451171549413302,0,0.264589054951258,0.0441268285740093,0.0205610554203815,0.0657490075970733,1.09214981664605,0.886256939606117,0.913449302369869,1.00596429757721,1.0407876378013,1.07223555620955,1.10171573103047
"78",11.8013897464239,0.699486996305149,17.7211158564296,10.6445004266053,9.94166662728136,8.89759773197238,8.08558997445455,1.64872547502609,0.713829701679609,6.55238476335143,0.457907891393018,6.71621523650039,3.69749959066935,0.415083638559749,14.5477408704238,7.20977069905833,37.2483689174036,119.278678013612,21.5789422212258,204.248107805683,350.35917613292,102.558116336993,1.06401670475609,0.0696105810922449,1.71633043962985,12.9931454160646,1.1209026884614,4.11591503714545,12.1620158712279,0.783152669024374,0.437807400577012,2.38605479044384,1.89400955990196,0.275036361232474,0,0.282773000832824,0.0934223367294995,0.074422006154094,0.280271131228316,1.05533305501154,1.05166223522574,1.41039645419293,1.48854944660901,1.4928638809349,1.49804529203893,1.50188930351075
"79",12.8779049742184,1.39837028429525,24.6559689458151,19.4586926494819,15.8605561039643,10.3640906901185,9.17466014449582,2.02320419211705,0.706082716117595,7.23288323028929,0.651897885408443,10.121239080419,3.85674674654689,0.524673207816065,14.1193936324121,7.22936012071608,39.2259847782436,128.345863750232,23.1559882705964,206.553952039284,360.290443883353,105.623179127987,0.906020263018439,0.069262926591359,1.85468538517992,14.1798933517851,1.58269203795306,8.12205900729612,11.9576528832794,0.971399888305532,1.21346112092642,2.87219528357666,2.5219347340881,0.958702965991031,0,0.466265870507375,0.134819965138699,0.0946685164138532,0.12165379977625,1.75253039117728,1.45121715053261,2.20732114971972,2.27443735196202,2.24142393915118,2.21412843733149,2.18928511505468
"80",9.40860940936545,4.2095290558446,20.2093020278534,13.3998728760015,13.313803619815,9.83725427708362,7.96000350458466,1.71723691784215,0.877637063369592,4.25443057729234,0.620034315985817,9.90360776156851,3.7408100315306,0.519100602003118,14.9118700097607,7.39170124240692,42.2839295230824,132.688143649469,24.6209577727594,210.54587636353,370.040442602424,108.430685980437,0.815190393098447,0.0697312483754594,1.8917685653906,7.74134512471831,1.47013343169931,7.39161952247273,11.7524777190599,0.94647423789557,0.939888928012241,2.3557178795433,2.61838432721402,0.702326607071098,0,0.352266031572731,0.0661659806849411,0.0498310646083344,0.0999240561626679,0.342828553361589,1.33133828646216,2.4070160977858,2.51361291132903,2.46614651490945,2.41748360242629,2.37712471212598
"81",7.17523479560077,4.15509834600819,15.5039740271648,10.405695239483,10.585363759692,8.35264305546454,6.31910700312948,3.77758680270884,2.41356236194551,2.37614032982061,0.532186694685239,8.63259884941957,3.80306039039614,0.481204973997568,16.1454940871439,12.4189657412765,42.1770802603381,134.10384762406,25.8940362850792,214.336136701917,380.710262628135,111.533731324979,0.802522126174725,0.0818405950613752,2.06294948629384,4.10167753888577,1.27368034569118,5.14877834956992,11.9128572215065,0.888264486512885,1.1060637766422,2.09930397941794,2.87635092730355,0.894949023687942,0.238292996120322,0.455645777989877,0.0424973881550384,0.669429408526396,0.397222202299922,0.84886579799165,1.26320246516542,2.24698142782712,2.43588215396394,2.40689969982133,2.35580937195691,2.31371371133077
"82",7.25620972112852,4.16246715626682,6.40929838453477,10.4832025227504,6.92991168176045,5.20053375404871,3.06701568189665,3.51947699907245,3.41168317037207,0.800322167630011,0.286290181459302,5.3590913709322,3.74763447630635,0.339804774834021,17.0200876273596,17.6729136683796,41.6645501225802,132.237409161421,26.6250329878669,216.676168767846,392.445770290468,115.814091740403,0.907293688394227,0.155747943806652,2.37027602886246,2.75890085233232,0.686834504811749,5.24801949805829,13.4005344298278,0.657497555128534,2.6172628364381,2.09992580892754,1.98001705926994,0.732916510934226,2.13544840185849,0.749346363839847,0.259994890334406,0.0387715359510041,1.41293090843112,1.49217064808285,1.40852979485703,1.65727054007485,1.84030688283232,1.8462280755638,1.81537368412126,1.78865959589856
"83",2.46494010130064,1.10225482852197,6.75070817233274,8.89759856298316,8.02622719133965,1.76270922247545,1.40601304510307,0.849141669569925,1.11338276661712,1.16030949448843,0.0986003296140535,4.38099506082808,3.45903365016879,0.205880846607935,16.2519230381208,17.4796031760735,42.7763113478126,129.491462736475,26.8656859355387,217.667948849901,401.49607275452,119.741586286373,0.97462116127242,0.174159610702367,2.20828324904211,3.48412559647324,0.208334982660138,6.62922108267631,11.7019589666859,0.355689377125604,1.54791772391171,1.41654525095388,2.79678171171795,1.17903164206903,0,0.47901824391144,0.157228394382185,0.0385678881973074,1.10964206706487,1.0677733008462,1.1300187489595,1.16329515300288,1.31230154956854,1.34571093367038,1.34283593189935,1.33954004904669
"84",1.59954300254792,1.2206777183188,7.21223916498892,8.68598952376757,7.33321394908126,2.48971037211158,2.31904223376807,1.02944875297413,0.953423334621091,1.25853064046927,0.0599585106552856,3.75413270210311,3.02768611203341,0.155286918315742,15.2804598437023,17.2942165317484,43.6358881663591,126.966557931894,27.0153634000174,218.360384943371,409.737339075697,123.035162754054,1.18327607429543,0.171695160094861,2.0292824389424,3.43274774313523,0.121728291699177,6.27522949604236,10.3431192039442,0.269354574863692,1.09748615799927,1.1122314732105,1.79017837658709,0.978431236725402,0,0.196847542529746,0.0426841305405182,0.0325478417103193,0.12036165086937,0.985250748286953,1.01139615779377,1.08800796780171,1.17318039831903,1.21319797106655,1.23556336421893,1.25466772095244
"85",1.50903845544108,0.0365765908744924,4.59210454552159,5.85127376500194,4.71803712013799,1.04088835952757,0.699018524075006,0.206850670774837,0.182661249311396,0.973968073398712,0.0212029007449453,2.25118445201632,1.79574463301439,0.0754560600614689,14.3376445387658,17.1667806365084,44.417520770052,125.415104954336,27.1155875983354,218.787180016293,413.692369400483,124.666940137599,0.993963554160815,0.138444313714937,1.05833106493195,2.50315338263559,0.037533078743956,4.0637416644024,6.27321573413509,0.134744602860374,0.392872962928222,0.635435475087754,0.795681324400667,0.382079320298809,0,0.0250547001578546,0.0533906639778904,0.0375847309422324,0.104513047032416,1.22089961094269,1.18567178342069,1.25108397000361,1.27813894706327,1.30040454782348,1.32364160821576,1.34480821978452
"86",2.50245964063359,1.06222414630811,4.15009764499584,6.06591962220074,4.23021255695267,0.0999722611527818,0.0895215728190697,0.0308011850421376,0.0943634887019339,0.936736474682181,0.0190139948459023,1.98481067283507,1.6075489905443,0.0658294007264231,14.1007721259157,17.0339378100015,45.006000163456,124.075063599641,27.1617679532832,219.171092065578,417.024198561834,125.925051427048,0.974489916315198,0.104753004730175,1.10093102735821,2.18101737659286,0.0395927139761851,3.46514577730865,5.39534802705071,0.118844402476515,0.277095023412547,0.590835169061558,0.5483503989239,0.263380115042879,0.00469574275274956,0.033099169173863,0.0286401466476692,0.14911434203322,0.401752016796431,1.53981038930123,1.4670479467284,1.42341608358203,1.42043022250303,1.42948366797246,1.44756126537014,1.46503229930265
"87",9.19693609535263,5.92166834405643,6.52105241406631,13.5078220472436,6.60419648655308,4.7785078536087,2.68434689039997,0.395680723563835,4.95037930789147,1.46622486952036,0.0357691626963786,3.15655301555352,2.58879770801042,0.111240685003285,16.6635902808188,16.6552273152305,45.2318889546744,122.872621801462,27.2588741227513,219.738606792593,423.502990114822,129.40446282299,1.26635944146992,0.154900603614059,1.46831167093366,3.40127046998618,0.0850878369686291,5.5582592447636,8.82046520473835,0.209350034630998,0.307743193263474,1.01817831689739,0.834200577199513,0.298164773237886,0.00715541752799933,0.0536138508223388,0.0370281649558819,0.0375024932504494,0.215077516258674,1.07105179146482,1.31092132029348,1.33915737424696,1.34125660669389,1.35481566938089,1.37634701002327,1.39817420230814
"88",10.5570478670412,0.84899724086713,8.81755049733201,10.3527327294778,6.96331120933138,9.7459009687663,7.72118155155025,1.48994747793337,3.45875994498028,1.60760329932481,0.0621124786174244,3.59680734332547,3.01424565654493,0.147134418135255,15.7965004026841,19.5982325269908,41.6794567245904,123.269419340699,27.4363390280664,220.139184394726,431.680711508021,132.961653412018,1.11572194475147,0.161266620848829,1.403923050954,3.5990571191633,0.151136782419105,6.05945353666484,10.0467324878291,0.27032158996277,0.306664665392021,1.18920377059611,1.06051762597328,0.258089031150105,0,0.142373603592801,0.0294271643214225,0.0569693338560317,0.0467316595040236,1.3635992182456,1.02597193333931,1.17326816499895,1.19906366469842,1.22251085598452,1.25081532929526,1.27918975449305
"89",10.4031845171082,2.15034728939304,12.3521615595409,9.12641684753661,5.53099076549581,9.03270655689644,7.88710603028766,6.8948877900224,6.99992223263945,4.72516178474346,0.245253913322499,4.24635632313163,3.27896073657493,0.272451393830166,15.4884704486273,32.5728585791146,37.4602090772329,129.464204095947,28.0987729767156,219.131003370069,441.207692003214,136.927517746839,1.03238469961541,0.231906205177869,1.74338918575285,9.26867927252853,0.596478396088241,4.39046878305723,10.9662160725567,0.512647998142975,0.216912685198446,1.73737143697023,1.11051833033048,0.123833464782344,0,0.169504873086292,0.00299633108984972,0.0227160295826537,0.0453649313897861,0.202818655453585,0.661339422687019,1.04092661508869,1.09881585900459,1.12205622274465,1.15484125965433,1.18785176558357
"90",11.9854576397816,6.38973781214848,20.9079490477426,14.5311118707413,14.1311002775085,8.01727750536303,6.51187023542392,1.64941561408882,1.38280441386336,8.81316198608649,0.516074216561921,8.29223272225279,3.59162869948997,0.451372745078832,16.5525629323075,33.1212990989635,40.284287597685,141.117543754375,29.4769123678685,218.530123143417,451.98884532364,140.437541764431,1.00714343913864,0.320368167894377,2.17822746218112,17.8380734519454,1.28462682052026,5.02444725785832,11.5620430371539,0.859094688029207,0.386537251762362,3.05399753880058,2.11932616720504,0.139418847362901,0,0.370893455051447,0.0388212828226992,0.085404496368751,0.445241543434572,1.54672193751818,1.14337880730753,1.78017201191346,1.80837958072966,1.79260895428981,1.79261595496637,1.79251909808515
"91",15.132025514352,8.96574356174657,28.365054540279,22.0176154143677,23.057280259237,8.21467644785843,6.00215273989258,1.39692503270576,1.96545942542704,8.44893039899134,0.799372155507058,14.1744968892374,4.93559146739274,0.635108885940041,18.7170153633799,33.3005640989308,44.4425616041425,152.556924498375,31.7999375100015,222.660813080378,461.300180887923,143.457264152046,1.1426994989935,0.372691726497919,2.5213933713326,19.1839714515269,2.22720978737972,15.1180156852015,14.177328020223,1.29298868247174,5.32365363805723,8.46455453523692,2.47584381514667,3.29103885680495,3.17626771037959,2.45962231104696,0.0223763714663482,3.52166850086717,2.56592557666819,2.40410393348541,2.13472695256325,3.13131267282589,3.13214680083805,3.05077274424038,2.99960240648657,2.957169897385
"92",12.1264021489476,8.51022679633158,21.1883540833874,15.2650667113839,16.779077792209,7.45009773378846,5.39093923523536,1.12166322173815,2.26828098303539,3.30056361429378,0.693826682248528,12.333129762838,4.16694599113067,0.562467561731341,20.7625616410163,34.0768492686457,48.2332901834407,154.312834171902,33.5810655787305,227.850659729477,469.736144889603,146.365867798794,1.34873359007626,0.319337089922233,2.12716960583777,5.72288707096339,1.69504534452622,9.60369892765282,11.2907443583229,1.04753471398326,3.16467266759139,3.63784801221821,4.2147490880241,2.00649034012128,0.935268043397186,1.31075659716059,0.186632545393348,0.101961723210232,0.560635743598283,2.25455756457891,2.18187019962233,3.0634457303827,3.14641600602972,3.06454880724716,2.99737162727614,2.94690982980477
"93",7.99493238670597,7.15521648030303,14.0134846000201,10.6409439559186,11.658007948702,4.76017057288917,3.3311359646523,1.5729351521916,2.43775351563689,0.852161758705471,0.513980751585115,9.31521441900292,4.00891397176343,0.490411716825771,22.3573181820853,36.3079368408203,50.9335497458699,152.266632633424,34.898046320704,231.584629773355,479.941887001807,149.91367108517,1.5960507532657,0.33731927457529,2.18644195029276,0.766872846696243,1.21531318473881,4.68746434194437,11.4425492145763,0.884980212773144,2.53983417628002,2.34301987870355,4.44941105799408,1.95499165138882,0.0378582619780676,0.962914330041879,0.0531702172273163,0.245069143304497,0.921001013571647,1.86262902989296,1.9510235872485,2.46133116686886,2.60359102299113,2.55319641860943,2.49531513180199,2.45341880505551
"94",5.75817934307364,4.00839833075507,6.67398152866788,10.906749270383,8.32863594822105,4.12774319998228,2.97524812965238,2.08882879336723,3.17562608441233,1.37383225031297,0.170494656807772,4.906963311968,3.67824234832345,0.268465007030712,21.2186694785983,39.1754106259015,48.9734099040694,148.045703637671,35.4443450014667,232.773871017135,491.120551791359,154.873752987189,1.63684361562124,0.403008445320939,2.51084125284734,4.2005389455402,0.414962375402879,7.58689838023418,13.6303804533476,0.529959180503555,2.090267292238,2.50112202781072,1.53524293940731,0.474261923413634,2.00991478053175,0.6635217916542,0.0476568672910841,1.02628256196819,1.15100739050625,1.4797030131077,1.44816570357125,1.5204194855368,1.67834569144738,1.6728681965415,1.64019132573002,1.61480412806012
"95",2.53336073171588,1.982405303413,8.01014455799644,10.0801899229628,8.52377054196088,0.996507563945202,0.987860806490469,0.818401148581794,1.1453106360285,1.58686475069553,0.0846288839581381,4.34774549450632,3.42276647421351,0.183766392466087,19.7214308070434,38.9458976095301,49.097112803117,144.241365423768,35.8025384452974,233.24308532343,500.760779074146,158.849087212005,1.54651012702795,0.443467555746754,2.50209141259867,4.15777818047091,0.203799244355812,8.08571099551548,12.7743202484516,0.38019830089047,2.2758452996634,2.50408836565326,0.73335421727839,0.509724089091344,2.35149550116516,0.433143651690753,0.0172898814339486,0.950757854030142,1.00517878907187,1.15029717160393,1.08355730951344,1.06259921560295,1.19256679351724,1.21890116580468,1.21512175233595,1.21256636436939
"96",1.56198017817129,0.344366624399055,8.32213130243689,9.52364721758424,8.65847112093122,0.900446921256328,0.976622761356707,0.877113059987138,1.16752203533809,1.6939075662503,0.0527718011820707,4.24003803013605,3.30802241754798,0.15100082118982,18.0826401375186,38.4776369906859,49.6855367947957,141.029913219271,36.0787323659383,233.504698242502,510.073611606653,162.224489875307,1.71576943818218,0.452129651759316,2.28152369415704,4.19222724634531,0.116978386892622,7.96652780155822,11.9278362552476,0.301407287569495,1.75602473701255,1.78397710467371,0.639679211011269,0.324712726883318,1.82014768439267,0.344396765373893,0.0138500902524135,0.40666931037392,0.853167068633102,1.02099989960822,1.02388229645795,0.970605168438743,1.04477088301694,1.08390410784349,1.10795871538609,1.13008367964501
