"","GPP_sd1","NPP_sd1","Reco_sd1","NEE_sd1","Rh_sd1","Ra_sd1","Rleaf_sd1","Rstem_sd1","Rroot_sd1","Rh4_sd1","Rh5_sd1","Rh6_sd1","Rh7_sd1","Rh8_sd1","QC1_sd1","QC2_sd1","QC3_sd1","QC4_sd1","QC5_sd1","QC6_sd1","QC7_sd1","QC8_sd1","simuCH4_sd1","prod_sd1","oxid_sd1","diff_sd1","ebu_sd1","pla_sd1","conc1_sd1","conc2_sd1","conc3_sd1","conc4_sd1","conc5_sd1","conc6_sd1","conc7_sd1","conc8_sd1","conc9_sd1","conc10_sd1"
"1",0,0,0.00316582328829826,0.00316442647644282,0.00316531163463585,0,0,0,0,0.000842617802983498,7.29197725797477e-05,0.00142157022505464,0.000768450414861145,7.63253818187335e-05,0,0,0,0,0,0,0,0,0.00740756146478965,0,0.00197889212315571,0.00214693673482904,0.00776399955953122,0.00176117582547018,0.000543451330268799,0.0286139115393887,0.0636388648132909,0.0743830669006149,0.0158220277193817,0.00142756246324501,0.000123560381675378,4.82033079490638e-05,0,0
"2",0,0,0.0028274852111103,0.00282636520786335,0.00282606730121157,0,0,0,0,0.000772523125835009,6.54993351666065e-05,0.00125774831626509,0.000676869868991726,6.81219605102376e-05,0,0,0,0,0,0,0,0,0.00889716339859808,0,0.00208520686183448,0.00227604942883635,0.00942999371107836,0.00147322094401169,0.00147107105968972,0.032371127393432,0.0605003126485842,0.106217258036061,0.0214149163108685,0.00185346791063114,0.000169308633961266,0,0,0
"3",0,0,0.00341261370040189,0.00341386410212381,0.00341169149354362,0,0,0,0,0.000960231671085354,7.50538653685869e-05,0.00150129225872753,0.000809387125420831,8.00438476327709e-05,0,0,0,0,0,0,0,0,0.00972083568248712,0,0.00271435835709414,0.00238312245154285,0.0104641096959714,0.0016206595396191,0.000837318191839855,0.0362939271270451,0.0662327874476283,0.101924288475334,0.024496524062924,0.0023758440658138,0.000217045552660669,3.41372359342007e-05,0,0
"4",0,0,0.00241338041189772,0.00241642250948813,0.00241602802468016,0,0,0,0,0.000693307381551126,5.85834237976861e-05,0.00105495120983761,0.00056850835911706,6.02620634456628e-05,0,0,0,0,0,0,0,0,0.00817039539065271,0,0.000967009575338834,0.00280711277701078,0.00847216700640758,0.0020219916234528,0.00283265941049036,0.0226828419581464,0.0586177485540973,0.0749326354042186,0.0212108076423223,0.00246992180479556,0.000258006625004744,5.44228086857831e-05,0,0
"5",0,0,0.00881499241225256,0.00881212985144891,0.00881209003383493,0,0,0,0,0.00257464867301807,0.000187875605408947,0.00381902931381123,0.00204757694993741,0.000190289977900129,0,0,0,0,0,0,0,0,0.021111158482392,0,0.00614479398925839,0.00547897780104655,0.0236832893709059,0.00587256733083052,0.00136036296848122,0.0258698488619057,0.0538516845681458,0.0349681846796051,0.00970852039038011,0.00181003219345773,0.000241158310715348,5.24577643690846e-05,3.19421469515583e-05,0
"6",0,0,0.0103378855402649,0.0103385764176389,0.0103379427396227,0,0,0,0,0.00293616537430429,0.000219159793387416,0.00454144511657547,0.00242229865301764,0.000223494686036846,0,0,0,0,0,0,0,0,0.025708012451335,0,0.00785868915520237,0.00538000087928923,0.0282637724662253,0.00626988727699035,0.00140496735573347,0.0226229764752341,0.0458996667794403,0.0270371961077869,0.00566504915732312,0.000983151006842564,0.000173768311452552,4.39183566988663e-05,4.09589010953608e-05,0
"7",0,0,0.00622533219212091,0.00622631990717359,0.00622668521542034,0,0,0,0,0.0016599308309109,0.000137248060369478,0.00280586192690988,0.00149303560768487,0.000141836990343033,0,0,0,0,0,0,0,0,0.0404435521091498,0,0.00340044703496378,0.010038821274505,0.0416497182051261,0.00481113409480504,0.00140813880253974,0.0111424166390823,0.0164544682019664,0.0088531976580177,0.00293336074548595,0.000526409731591006,9.02207679388089e-05,4.99999999998835e-06,0,0
"8",0,0,0.00525683410066369,0.00525802567724394,0.0052584505029267,0,0,0,0,0.00125633392748241,0.000118395444181795,0.0024569307497919,0.00130921890275779,0.000122602317762751,0,0,0,0,0,0,0,0,0.0399026594298417,0,0.00252911051557657,0.0110226982690413,0.0418075948539099,0.00417166570291078,0.000620826869993773,0.0108642937274122,0.0053765535494567,0.00205835901985941,0.000709476447511752,0.000246145091389439,4.99398133996753e-05,0,5.00626174320592e-05,0
"9",0,0,0.0164305069885182,0.0164338229679937,0.0164361807312427,0,0,0,0,0.00371388993457201,0.000353819031806099,0.00779580093901215,0.00418264405349008,0.000386488270142016,0,0,0,0,0,0,0,0,0.0353436982991474,0,0.0147164857326162,0.00799093720683682,0.0346296422844559,0.00422867030742789,0.000739805400139245,0.0143953637412574,0.0156977775592837,0.0070781077245193,0.000704932674223549,9.78861801308547e-05,2.67718008976783e-05,0,2.9358214555738e-05,0
"10",0,0,0.0159730754642606,0.0159739605699628,0.0159729388871219,0,0,0,0,0.00364001087022257,0.000341351801857815,0.00755040870941421,0.0040691425143395,0.00037719906592984,0,0,0,0,0,0,0,0,0.0226617254086321,0,0.0127861136200082,0.00761189946538825,0.0226371995606208,0.00514777512346883,0.00131535361703407,0.0309280001087496,0.0315971050026561,0.0168662406877568,0.00260214313060992,0.000153338781640165,0,0,0,0
"11",0,0,0.00750934213485068,0.00751301585704237,0.00751213606243601,0,0,0,0,0.00172725590748008,0.000157048074627992,0.003539344734959,0.00191417453760124,0.000177293598446542,0,0,0,0,0,0,0,0,0.0160724733765092,0,0.00622468998030241,0.00232149688929741,0.0172982737125294,0.00380892395457422,0.000196742742602916,0.021842510388866,0.0637058912101125,0.0278387411086833,0.00511943723410933,0.000349542396882015,1.50166991423475e-05,0,0,0
"12",0,0,0.00433049505322602,0.00433129799173794,0.00433235536487008,0,0,0,0,0.00105713209115292,9.56310658305044e-05,0.00200113550159387,0.00108116684274659,0.000101982540645414,0,0,0,0,0,0,0,0,0.00935931872815206,0,0.00333537277209341,0.00185081266442528,0.0102054858183956,0.00197069659007299,0.000248241433938433,0.0426278525317212,0.170295701674387,0.0458843758790727,0.00859074677051932,0.000658129755014996,5.5508020599809e-05,0,0,0
"13",0,0,0.00442570753161445,0.00442176321304981,0.00442067819902653,0,0,0,0,0.00112694207197352,9.91413638450724e-05,0.00201274820228822,0.00109004699146827,0.000104137163741762,0,0,0,0,0,0,0,0,0.00683050833010392,0,0.00260465987610195,0.00137395747673269,0.00660456331952416,0.00239043067972833,0.00053405903008848,0.0378853237036498,0.0941011655258361,0.0510825914604308,0.0116310811566329,0.001006368163099,8.42347239669595e-05,4.62036192963308e-05,0,0
"14",0,0,0.00338456706767481,0.00338709402768521,0.00338574498600762,0,0,0,0,0.000895116204774622,7.47242214625558e-05,0.00152143084530406,0.000826287671328496,7.86441335979504e-05,0,0,0,0,0,0,0,0,0.00619904992619584,0,0.00228152852953403,0.00136494089950733,0.00639185610748137,0.00165360690294691,5.98028297500651e-05,0.027724118753382,0.0559849892699721,0.0504635047438004,0.0117620120864078,0.00120253950169333,0.000137765692263759,4.9496208811437e-05,1.63739967455203e-05,0
"15",0,0,0.0015075906311988,0.00150899041337882,0.00150898293935952,0,0,0,0,0.000413403260315016,4.35026574246574e-05,0.000672802791679116,0.000363821181530574,4.04362179153526e-05,0,0,0,0,0,0,0,0,0.00396569872196357,0,0.000680415434060154,0.00139988754918956,0.00392306986848086,0.00113357497792446,0.000380052759825036,0.0164398817275411,0.0389582717576879,0.0660093144942439,0.0137263929861791,0.00132644622449088,0.000148883690790682,0,0,0
"16",0,0,0.00238544530659946,0.0023841251160378,0.00238261401855265,0,0,0,0,0.000662601956972241,5.60701315240358e-05,0.00105015093198541,0.0005666411058661,5.98530991988592e-05,0,0,0,0,0,0,0,0,0.00971287409810372,0,0.00177852061809034,0.00397690951282311,0.0110240332551442,0.00158289383162786,0.00187222616878081,0.0231024016371352,0.0511922212423608,0.0992986749814426,0.0198424941839124,0.00171246930711752,0.000161454657772092,3.76103222645797e-05,0,0
"17",0,0,0.00790081043002096,0.00790372431722582,0.00790177720246491,0,0,0,0,0.00227769173432039,0.00016982668446653,0.00343409813670657,0.00185183232431919,0.000175558542956524,0,0,0,0,0,0,0,0,0.0180600472595601,0,0.00431585349798161,0.00420662060236368,0.0199014277881643,0.00656386209876694,0.00103282941063793,0.00789524522611243,0.0634156933680526,0.0584928913788217,0.0146324832428447,0.00186511220744649,0.000191466442219537,4.89462904462113e-05,0,0
"18",0,0,0.00687978222374182,0.00687852127184457,0.00687934076226106,0,0,0,0,0.00191991200129893,0.000149015146157886,0.00303586662303898,0.0016269694254282,0.000153157044240531,0,0,0,0,0,0,0,0,0.0303483277999073,0,0.0017399154294834,0.00923730827123054,0.0333139258430343,0.0064091408524205,0.00141427301834761,0.0182099274045147,0.0375858208980654,0.0314637345881824,0.00825072626863233,0.00134934041252468,0.000181400842512562,0,0,0
"19",0,0,0.00720456343390699,0.00720280784500949,0.00720010839082262,0,0,0,0,0.00187242213767465,0.000156813507678614,0.00326847721358727,0.00174908782170023,0.000165054673101903,0,0,0,0,0,0,0,0,0.0386988640030339,0,0.00380753769459205,0.00957396426405088,0.042146762228591,0.00539710698866696,0.00152253726944272,0.0132559189881559,0.0152045928211558,0.00976398499306827,0.00325158931642771,0.00074942078720214,0.000126748423687557,2.33087052267139e-05,0,0
"20",0,0,0.00897347624612977,0.00897368869093442,0.00897389104855751,0,0,0,0,0.00213454154480913,0.000196918459518755,0.00419059945706152,0.00224847951967012,0.000207478597501147,0,0,0,0,0,0,0,0,0.0362559019817294,0,0.00620460653814834,0.00865753919423697,0.0389070608681895,0.00537692153098555,0.000675915048569127,0.0148345549242132,0.0112733675443265,0.004853877838923,0.00103154260108083,0.000329828599066118,7.9234669381887e-05,4.99999999998835e-06,0,0
"21",0,0,0.019250440713635,0.019248629407966,0.0192496845594701,0,0,0,0,0.00436879659737936,0.000405556565499256,0.00910767815862544,0.00491391620106384,0.000455785421966501,0,0,0,0,0,0,0,0,0.0302070135748352,0,0.0160733508179312,0.0116454082295161,0.0287570906315552,0.0043320841847151,0.00873695360714095,0.00214333248069613,0.0209808904819012,0.0127607529966929,0.00171304035800982,0.000176911508117146,4.12826919141611e-05,0,0,0
"22",0,0,0.0149392066636535,0.0149390470518385,0.0149342575936899,0,0,0,0,0.00344132453226092,0.000311992545377166,0.00702841429172613,0.00380261675335975,0.000353677422658335,0,0,0,0,0,0,0,0,0.0105663536525747,0,0.0133103847914228,0.00905576546850411,0.00194033946271688,0.00234148378240341,0.00126271912413892,0.00633670880237646,0.0610898954497809,0.0283324294552124,0.00450084703111467,0.000288974398532946,4.9881438379115e-05,0,0,0
"23",0,0,0.0072820099507145,0.00728366514072445,0.00728178652787857,0,0,0,0,0.00170956279494924,0.000149330166901619,0.00340678226682218,0.00184576856389927,0.000174106922755467,0,0,0,0,0,0,0,0,0.0121697102932467,0,0.00489503783704122,0.00225461259307717,0.0127819928945329,0.00452754241845145,0.000727008323719125,0.0285914841316365,0.138493528315951,0.055856290370332,0.00963593623722777,0.000629649572349484,5.16585813063283e-05,0,0,0
"24",0,0,0.0037551561794858,0.0037576021522824,0.0037566899724189,0,0,0,0,0.000935708723127217,8.09947552372448e-05,0.00172031937350807,0.000933992393962597,8.85471710658167e-05,0,0,0,0,0,0,0,0,0.00730643956711268,0,0.00213729832037451,0.00197834579072243,0.00777744785745546,0.00235782671214644,0.000517100068848388,0.0275247733982783,0.0648726722777677,0.0756868897312671,0.0159482832413356,0.00128623790855094,9.55081384556936e-05,0,0,0
"25",0,0,0.00217326831648524,0.00217349608074929,0.00217528264230992,0,0,0,0,0.00056919407255395,5.27293890650876e-05,0.000979121614171776,0.000531951000720866,5.65486017590573e-05,0,0,0,0,0,0,0,0,0.00565151721816079,0,0.00130528977280045,0.00171575910993014,0.00577074168968971,0.0014267840478847,0.000122045022301902,0.0214926555022605,0.057786524059201,0.120071766458653,0.0232763551597712,0.00188025072649532,0.000149719035108127,0,0,0
"26",0,0,0.00309510113973081,0.00309653986699181,0.00309752811950557,0,0,0,0,0.00083569354985734,6.88970573484691e-05,0.00137849121599719,0.000745850635466671,7.39097871841358e-05,0,0,0,0,0,0,0,0,0.00840000274495718,0,0.00233879127147525,0.00212979164912244,0.00891035653447316,0.00157235035905776,0.000486499181534856,0.0296098739035048,0.070541343070166,0.131355901454998,0.0315365761948763,0.00279990041892382,0.000235075709022512,0,0,0
"27",0,0,0.00362331184440488,0.00362254345075827,0.00362289260322969,0,0,0,0,0.00100603492268615,8.06847263281925e-05,0.00160062456481639,0.000865416548261597,8.44319808988105e-05,0,0,0,0,0,0,0,0,0.00908316379897431,0,0.00276810711135785,0.00204034739228471,0.00974755376741373,0.00169534221118705,9.04790924214736e-05,0.0350524894619655,0.0677321806509974,0.0875245241647343,0.0255714543021181,0.0030289182560784,0.000300519078915075,3.30100235403117e-05,0,0
"28",0,0,0.00151794404881682,0.00151609640467572,0.00151796790691241,0,0,0,0,0.000431259666267719,3.67031033359023e-05,0.00066597188106246,0.000360727474386098,4.40892237300951e-05,0,0,0,0,0,0,0,0,0.005623769461615,0,0.000248503793408362,0.00254336642699295,0.00542695037876097,0.00135884992559913,0.000108768453335987,0.0278303979951585,0.0536752729593026,0.0549314274532816,0.0171129067868887,0.00247440885576003,0.000299563592355081,4.90485923449018e-05,4.87789500184372e-05,0
"29",0,0,0.00520991506408101,0.00520941931134396,0.0052114514115107,0,0,0,0,0.00154703338060358,0.000112647564040284,0.00223707375772319,0.00120958968477488,0.000114032928454596,0,0,0,0,0,0,0,0,0.0183442395932111,0,0.00368791930626523,0.00658088589384968,0.0210552837637832,0.00363824904869786,0.00257844467506206,0.0293995304710346,0.0639156398037978,0.0498024384638178,0.0116911834029281,0.00177735644351896,0.000254262410579334,4.92900728157726e-05,0,0
"30",0,0,0.00666700050072714,0.00666576793440849,0.00666601675560189,0,0,0,0,0.00195347949640048,0.000142135300362115,0.00288139306629724,0.00154694846759788,0.000146769515659183,0,0,0,0,0,0,0,0,0.0220809231318209,0,0.00252080883705656,0.00831026809598028,0.0260521985552353,0.00584462351204025,0.00211811602047444,0.0259375078935278,0.0532530156576045,0.0348661380625384,0.00793445377084044,0.00115275280745171,0.000180984324775739,2.51200126909013e-05,0,0
"31",0,0,0.0073988875027402,0.00740057404381205,0.00739968881009302,0,0,0,0,0.00205375138145829,0.00015792831723112,0.00327813435502953,0.00175219802885706,0.000166081177119827,0,0,0,0,0,0,0,0,0.0368193803160053,0,0.00264911788410968,0.0113150869603287,0.039581248084634,0.00662653886227442,0.00135524228151427,0.0153585301561998,0.025742714996207,0.0147092523607603,0.00430917061375459,0.000691624391014098,0.000120333704759749,4.99999999998835e-06,0,0
"32",0,0,0.0138673502247415,0.0138707655802394,0.0138695467415861,0,0,0,0,0.00356252480095133,0.000298860723129636,0.00632531203723743,0.00337440609273645,0.000314150403772563,0,0,0,0,0,0,0,0,0.0391273615236128,0,0.0113766881173212,0.00606033140941813,0.0414413996507421,0.00698181581899192,0.000565355478475805,0.0195100287157329,0.0235832561083426,0.0121897560401468,0.00247742690056013,0.000376833446120801,7.28079838083775e-05,1.48488626434311e-05,0,0
"33",0,0,0.0122369229571266,0.0122356174864895,0.0122384303479224,0,0,0,0,0.00296572361176042,0.000261753772836171,0.00568831136766781,0.00304208076626364,0.000280870469347294,0,0,0,0,0,0,0,0,0.0466830709703803,0,0.00922659975872853,0.00603533475471773,0.0488012323173219,0.00690905801423828,0.000779737078944372,0.0203226721054038,0.0247092966786975,0.0121673918527656,0.00213133876938292,0.000256250191026309,4.29460231255507e-05,0,0,0
"34",0,0,0.00901781566877984,0.00901364255616588,0.00901486029858511,0,0,0,0,0.00214458516999872,0.000189968339269485,0.00421526702924259,0.00225712927885261,0.000210193847755062,0,0,0,0,0,0,0,0,0.0249235834809891,0,0.00412800945889564,0.0102953287427991,0.0270820352879607,0.00772806425911317,0.00185231082393619,0.0236364328385403,0.0465488676030396,0.0230657326459346,0.00363535768546275,0.000276892440414828,4.60984018880449e-05,2.18217890235484e-05,0,0
"35",0,0,0.00517848931920049,0.00517912612015018,0.0051779304114544,0,0,0,0,0.00124470907814759,0.000109370206661894,0.00240986172244455,0.001292868209842,0.000123239482004808,0,0,0,0,0,0,0,0,0.0137530159462951,0,0.00302774136849339,0.00445867237368251,0.0152489317182013,0.00373326990693078,0.00105000772762403,0.031842741439667,0.107837795451117,0.0402367439518547,0.00721619799713357,0.000503120027334231,5.04018935872566e-05,0,0,0
"36",0,0,0.00422531975922163,0.00422542548019976,0.00422488083206053,0,0,0,0,0.00107586882766248,9.1826358963533e-05,0.00192844540802412,0.00103963737171269,0.000102621955078631,0,0,0,0,0,0,0,0,0.00927167519395797,0,0.00257340844310374,0.00278255845921471,0.00959512427092198,0.00239654323687588,9.36585811581694e-05,0.0393940728966423,0.102949982434229,0.0608152029205335,0.0127130995828125,0.000996083778974873,7.48427758888257e-05,0,0,0
"37",0,0,0.00293010405522334,0.00292949223405244,0.0029316130927894,0,0,0,0,0.000777920723228963,6.52256541930576e-05,0.001318638224426,0.000708580422774199,7.11505868917448e-05,0,0,0,0,0,0,0,0,0.00616429828698509,0,0.001621128026312,0.00144908300016023,0.00598007133175116,0.00173371316567999,0.000687044449208324,0.0264014421444315,0.061832844723934,0.0750353518082642,0.0157120099252045,0.00140327934489163,0.00012377494938479,0,0,0
"38",0,0,0.00286984493699673,0.00286915921901525,0.00287167325233398,0,0,0,0,0.000786852968466777,6.41426980589994e-05,0.00127715457542296,0.000688184564624526,7.24508302714096e-05,0,0,0,0,0,0,0,0,0.00686929161965699,0,0.00209583851900483,0.00165319763065855,0.0072500923466593,0.00146395206174852,0.000106429875015145,0.0227768150101153,0.0579042200897136,0.11805101842478,0.0229018182016703,0.00191194227047108,0.00018032534646148,0,0,0
"39",0,0,0.00326697115096741,0.00326730764515988,0.00326517091478488,0,0,0,0,0.000919469683430013,7.24075765569996e-05,0.00143482780397779,0.000773278020664679,7.63696983565356e-05,0,0,0,0,0,0,0,0,0.00980138880433453,0,0.00266202241648425,0.00251448902864737,0.0105574444390064,0.00152106273032178,0.000638338813721018,0.0329797426394052,0.0636121497705712,0.098389642286221,0.0256754755955004,0.00254986514951316,0.000227848028981372,2.42364604477398e-05,0,0
"40",0,0,0.0020884033545818,0.0020895994387768,0.00208824559719047,0,0,0,0,0.000600220876220272,4.68667390381578e-05,0.000914713891749442,0.000488555168719177,5.61678249659279e-05,0,0,0,0,0,0,0,0,0.0079396185862886,0,0.0011666716523345,0.00273080592545612,0.00852301827634126,0.001481017545448,0.00299879169484522,0.0247868206034289,0.054532947245456,0.0650251967352938,0.0191490780564897,0.00243270426946158,0.000262858658190033,2.51200126913475e-05,0,0
"41",0,0,0.00513900119387748,0.00514320170194281,0.00514161306398574,0,0,0,0,0.00154591852881848,0.000111379760853698,0.00220261174432546,0.00117485601421421,0.000111719304542761,0,0,0,0,0,0,0,0,0.0196107360739189,0,0.00165671043748876,0.0101885701230782,0.0226037245139991,0.00457294199572229,0.000835510401837672,0.0238120940607687,0.0647445608513726,0.0494474055611548,0.0124929283655943,0.00185430988858589,0.000241544217530736,1.73349719680025e-05,0,0
"42",0,0,0.00492438500415789,0.00492895895102121,0.00492846773709537,0,0,0,0,0.00143744203326516,0.000107324490988368,0.00214435296163206,0.00113925268452528,0.000108426603381271,0,0,0,0,0,0,0,0,0.0169587290200338,0,0.000419607093340848,0.00561639356073563,0.018359475396702,0.00489098641587776,0.00116581110770447,0.0114831594684758,0.0300782107820116,0.0260082353631356,0.0068404051263966,0.0011577940902373,0.000180258620948131,3.3298227127272e-05,0,0
"43",0,0,0.00418230679923269,0.00419167912323693,0.00419059452299328,0,0,0,0,0.00112402781719784,9.12184301827799e-05,0.00188940529822269,0.000998287223674737,9.7485941406583e-05,0,0,0,0,0,0,0,0,0.0349246359069509,0,0.00156120733997633,0.00712091177175739,0.0364769398779166,0.0035457235352564,0.000681448405841969,0.00829129712530254,0.00955671428406584,0.00603458351882003,0.0023065980874097,0.000587487748499158,0.000112255303361827,7.06220126565078e-06,0,0
"44",0,0,0.00839448004199361,0.00840474527322335,0.00840015902328859,0,0,0,0,0.00210153488483541,0.00017966552047656,0.00387941840426988,0.00205536153208354,0.000195691531341036,0,0,0,0,0,0,0,0,0.0270520021588422,0,0.00713644251566904,0.00353432506061415,0.0288879616027838,0.00332950296214575,0.000721281232627991,0.00857992854703234,0.00633960578457045,0.00206092016276547,0.000606113331751832,0.000247184522108444,6.17411323068228e-05,0,0,0
"45",0,0,0.00548303969054765,0.00548412742115177,0.00548062321520708,0,0,0,0,0.00128016424286955,0.000118752654633315,0.00258507668962227,0.00137954986574616,0.000131099074819552,0,0,0,0,0,0,0,0,0.0260226302600569,0,0.00307692646013888,0.00708752456423408,0.0266435053696667,0.00408684679543084,0.000689079695730232,0.0118018226338648,0.00913688355185181,0.00381503087654245,0.000521819582510784,0.000106692998785871,4.60984018880449e-05,0,0,0
"46",0,0,0.00788797456857495,0.00788337150610438,0.00788794758112696,0,0,0,0,0.00180701667761616,0.000168941122160621,0.00373033020100387,0.00200010770386689,0.000190328663106724,0,0,0,0,0,0,0,0,0.01739983607649,0,0.0050529345241913,0.00438686804886989,0.018852930539104,0.00544307499613352,0.000542746888948854,0.0176385838160292,0.0156984989444939,0.00864314298963912,0.00129329674811962,8.83995117871283e-05,1.63739967455203e-05,0,0,0
"47",0,0,0.00524359133253696,0.00524672877559054,0.0052493625284302,0,0,0,0,0.00119660243752207,0.000108059901702194,0.00248624132523745,0.00133609329792193,0.000129108908583764,0,0,0,0,0,0,0,0,0.0107489627173391,0,0.00348008093955653,0.00202956839492395,0.0113479387681514,0.00349333414643469,0.000556928956111449,0.0167112148328742,0.0290335404347358,0.0145627750460758,0.00255100230928057,0.000178231179605178,0,0,0,0
"48",0,0,0.00204198531092288,0.00204609880033971,0.00204348403590837,0,0,0,0,0.00048516849771797,5.06591885392777e-05,0.000956703692313987,0.000516634326742727,5.78975848012143e-05,0,0,0,0,0,0,0,0,0.00443254057820609,0,0.00155898487311021,0.000822815289114149,0.00470578563937089,0.000878554149431731,0.00025397047565862,0.0141738741270488,0.0504441464346837,0.0177426828505962,0.00380090490973294,0.000320951651196877,2.09486781874016e-05,0,0,0
"49",0.163875058599004,0,2.38571130628206,2.38274029133408,2.36687470961848,0.369961422752766,0.238106549641948,0.0409891898579739,0.194392521408067,1.22091654667903,0.0527102592291816,1.98807374713466,1.07983755696462,0.0855345121334937,2.38089821932495,3.96696888087559e-05,0.757123957676785,3.62448022956676,0.112311507541539,4.83468756630788,4.18445345659017,1.32559551777718,9.31457905893286,0.304891982030857,0.250516458039805,0.110210326093766,9.3538553293691,0.159315073117096,0.00895206393082366,0.841297660431822,0.849013902524061,1.00221585615616,1.14735413521894,0.955529670141148,0.930011903024286,0.92551263952105,0.930766984776466,0.936023196464596
"50",0.0977767992092014,0,1.61678478406643,1.61736434937602,1.6167841015024,0.000122556058473956,5.28338531634808e-05,0,9.32079358115263e-05,0.849376393315445,0.0360121180445226,1.31039694586529,0.757770422040243,0.0592762183349083,4.32037504056159,3.36724603577084e-05,1.27774421310617,6.3049112228074,0.188158402403367,8.00234065612153,7.10459029519581,2.09369229876014,0.407092725315683,0.176709661158649,0.194025286221237,0.0916862598378029,0.4221143294669,0.125996397958419,0.00614569384872087,0.836782173381593,1.08925256691461,1.21753610235028,1.45284305863833,1.42344316752573,1.39625388676694,1.38852330503452,1.39372590843359,1.39923858259459
"51",1.40025234876539,0.011200636727224,3.38488103139916,3.57079632482914,3.37735449587008,0.141685071454689,0.0506649870426321,0.00688434520923375,0.103530350572788,1.89388693945733,0.0809248662952232,2.68026395694139,1.5752171328292,0.126248329277513,5.96767197442262,0.00108519023429608,2.2214069995801,10.5574168704984,0.367201956988901,14.8416224999814,12.84230356859,3.69170462365382,0.297505580148168,0.471946414842983,0.118367308015207,0.0891167502869369,0.258869562108803,0.113643540677779,0.00673140709966002,0.807784015290844,1.14661995475948,1.21751566782853,1.4749051315249,1.58453609588512,1.56733092775984,1.55645929791018,1.5584839510512,1.56083477839669
"52",2.5271037376205,1.71788957775905,4.38757987266568,4.53976327749744,4.26116140810016,1.13522822640516,0.921197214671339,0.124674068282081,0.384642170288061,2.49189450909321,0.110913823522458,3.30880950070464,2.07986103374166,0.169760160750971,7.32220088143443,0.0957623066994443,3.14258216102216,15.9696637946292,0.614294668950293,23.4810883739497,20.5260208727425,6.2342082713579,0.404654936326831,0.736548714609892,0.177149977296295,0.0654159326544392,0.374140634311964,0.122618895357462,0.00459334349342846,0.949909314019285,1.1724528965949,1.21972200021327,1.4439161673878,1.62660661515898,1.62520965457637,1.6157894534482,1.61658049706052,1.61817538126754
"53",3.99327622821598,2.09304607977348,5.7446115776467,5.83379367470184,5.03026627592628,2.79319658276726,2.62189682769889,0.377044706931419,1.00353986828503,3.26579924481873,0.158322287966405,4.00521643234827,2.65781691360133,0.231052503821627,9.00153369506209,0.335414725504338,3.83594044397045,23.1183563200996,0.97504614475984,34.5923992116887,30.6352386443366,8.8079888300524,0.948007042431119,1.41668463306823,0.0731866534321764,0.425220926472596,0.435721837603245,0.278878608166676,0.0469925799720666,0.691941585743436,1.21084530828733,1.31051238776909,1.33017999666898,1.58036082425212,1.60510378339474,1.60396815163906,1.6062366251001,1.60895041642869
"54",5.91714695841074,3.03641892974557,8.82494410145302,9.25890061457603,8.46510397426945,3.62510440944508,3.63353216039158,0.745719077233091,0.84919863007381,5.81588701698634,0.333782632037021,6.77209595503511,5.02995748944642,0.472425394929584,10.4851883315384,0.617109187278523,4.65519554526032,35.0021459854295,1.73977896710787,54.3472005073435,49.2513611412762,12.9069347426059,1.78604483072468,3.35694057107888,0.688221399318526,0.743035804730982,0.793562901091477,0.632367810850814,0.0650331782101088,0.830586524316026,1.18678249321957,1.28689890051581,1.20336880860201,1.34042595616455,1.43256446881258,1.45962149427388,1.47412556211067,1.48749145602565
"55",7.08115189553862,2.4282940591832,11.0492353198683,11.4828793378749,10.9361641505949,4.67379300246797,4.41081614124468,1.09224448704707,0.843550627980831,6.2855110281477,0.484792531358611,7.77794399252765,7.20886188907562,0.688033384842321,11.8777278953718,0.819076530922948,5.53434741385822,47.3578893493432,2.8568997896285,77.1314343042174,74.9190420589702,18.8456389437007,2.69827434013371,5.15059833186986,1.58408722993649,1.00386309165741,1.47254802051452,0.906963611170657,0.047563289056948,1.14707950604258,1.41098875575857,1.4501709079656,1.28892342146379,1.32781007294663,1.40009658711753,1.42106165748654,1.43898387904804,1.45658535456451
"56",6.27180853900106,3.28761366163878,10.7221585506474,10.7113935483768,10.6932527144275,4.78340399474958,4.31582867391585,1.03044610841996,0.953759213434937,4.57700303166571,0.504271475077107,6.63121115816862,7.69787153883019,0.737238087498934,13.3197979107135,1.10437195686849,6.47329656274646,55.5349806978707,4.02093775535802,95.7974178124374,101.391936596256,25.6463853818376,3.00430661034512,5.09497170538027,1.33974355604259,0.650418632394439,2.08554882864898,0.947671762817223,0.0494346817410063,1.06307668012499,1.4442760647355,1.50802392696143,1.37941059142241,1.50969545320107,1.5415575804512,1.51949593277443,1.50980263977651,1.50753487547617
"57",5.94826437493491,3.53695595323065,11.7369191986738,11.8459801822153,11.8783089632689,4.33931943514193,3.67310914074978,0.718555778278376,0.938485194044391,3.58865564356378,0.530845433629945,6.19229181890102,8.31872333657778,0.791684222718252,14.8214344402309,1.36144779730418,7.48061312157953,60.6254186471125,5.27574194179914,111.718736106726,129.573236558627,33.5557781508333,4.43670355939846,6.6588328051197,1.38096489009465,1.31926535459779,2.54863218760184,1.32580259530755,0.0492177711018142,1.08341656499671,1.46504934293782,1.54788129132324,1.45255421296479,1.7571968824552,1.7815992729428,1.71733637132871,1.66603265607692,1.63077948982037
"58",3.62506497007114,2.80778713930171,6.42606123856476,7.03808034989167,6.6657314596887,2.72462844374879,2.62863343595857,0.445407957793655,0.765929333509022,1.7216996766352,0.301391475316129,3.23011836582161,5.07890815840084,0.486042443723284,16.681749635588,1.60047908251682,8.34726119955152,62.692384738725,5.96356160658972,119.457188961867,146.175840678921,38.3665776804826,2.4798840569973,2.65108906863567,0.561871672439959,0.214355781275934,2.15794184918979,0.546527138472698,0.011076471891985,0.574432547117507,1.08286973947753,1.22341063555226,1.22271922645134,1.3992270641896,1.51114818011441,1.49347052519797,1.46640501158443,1.45061957532211
"59",1.46287166367676,1.27064521206555,5.05422807868543,5.28088468030539,5.43945136962518,2.04290530600054,2.26017449437593,0.390595084322216,0.712277416358004,1.34291036459821,0.223941611169145,2.42927859571453,3.96699697569432,0.370343479107292,18.4431505088207,1.67839373205559,9.09792680213875,64.3784975488141,6.47959994813487,124.853223761863,158.989478425374,41.9547368593435,1.99570089154757,2.33446411502911,0.438730956137624,0.45709611700325,1.45251183989823,0.518261472069859,0.0360186096950021,0.569821460143031,1.01633913095175,1.12812481170809,1.12382635443526,1.19423522391281,1.32431915142956,1.34421762342545,1.34870570653984,1.35568485232448
"60",0.686760253797077,0.0186385436047661,4.57843249013522,4.62942759758078,4.78168777404641,1.90000040995179,2.20236740525715,0.394014712918093,1.24592968710717,1.15759649050558,0.165997649777841,2.00407822613013,3.23217635034823,0.286261719375293,20.1384703087932,1.63576895436057,9.82155607126174,65.9641276272802,6.85241580386176,128.641423090436,168.739159852767,45.2514153972449,1.39653897908084,1.55220858968842,0.471549994432322,0.31159277218341,1.16587458355485,0.365940342974495,0.010743453459227,0.712603053194628,1.11073151959237,1.17580771249796,1.1391193401075,1.20251872465142,1.28743281736174,1.31412050044201,1.33565180511922,1.35433929546589
"61",0.330001140234986,3.70251895559514e-05,3.09782791677975,3.14393050352046,3.0821797107099,0.498984687059432,0.386090560071651,0.0591453161161872,0.183273293821879,0.754723035118701,0.090692151333695,1.24438164270822,1.92518211606071,0.160432338345383,21.3018685450576,1.60230252767273,10.314480150346,67.0904161155015,7.0529463513934,130.654341040557,174.53259873799,47.6309386976046,0.723360321921422,0.653758462030467,0.27696254105541,0.115385172865627,0.699999566457259,0.157250102485712,0.0137439957248141,0.887335926069531,1.32197508020109,1.31846055258075,1.28267292618575,1.34810727894439,1.38795569070047,1.40187673584313,1.42126345356201,1.43802615944116
"62",0.916296890089653,0.00549174144148742,2.86762544547965,3.13557981845355,2.87204684775496,0.0614854442047884,0.0271492655053724,0.00297584754465389,0.0401986414119422,0.758255073054556,0.0824238450424326,1.15029807259378,1.74946548017296,0.144064422715954,22.2217676158455,1.57055692451365,10.7290651499587,68.2441659729221,7.23371014904572,132.422351271093,179.667054538607,49.8504050473146,0.498152494151714,0.554311163145219,0.311457332058876,0.143197020031152,0.469470133862538,0.137180989784785,0.00506858459651509,0.788760448352763,1.33703799904421,1.39271608428362,1.37971660621052,1.47673245746388,1.49625490612739,1.49956074810428,1.51281714025104,1.52439096772733
"63",2.46978504171926,2.02400535734935,3.70736142465332,4.54911686788823,3.4152125542301,1.56775779314899,0.450598287686051,0.0590355261117892,1.59780604549159,0.975573602842146,0.102749061167802,1.37169751036875,2.08531398460962,0.174647763625206,23.1652901335603,1.54772490094233,11.1111306158583,69.7465151165124,7.46406605083365,134.587293422215,186.017692437206,52.5320643468715,0.563772950391141,0.86120424093181,0.239145867503203,0.15747604249504,0.422986242741782,0.160401812594642,0.0159491370729243,1.06383780570247,1.39184504350973,1.41007493146759,1.39667383991459,1.5316867901051,1.55103463688631,1.549774475282,1.55758732277517,1.56479447876764
"64",3.56954720027449,2.87066847004531,4.65475167035042,4.85820535807468,4.42668364588054,2.83141257562449,2.34300174509778,0.312742885718214,1.51204512468998,1.46888008320833,0.159962969061953,1.82061711629499,2.90702376010854,0.261304447506576,24.6294478239256,1.66030413796731,11.2300910560849,72.0062248065488,7.82152719879979,137.729980238978,194.87756012313,55.4496261698495,0.684361429692721,1.26051621989763,0.37611247982945,0.157767936361597,0.5206263564338,0.304341634456406,0.00957532322101805,0.644843348365188,1.24866904512751,1.36471525291938,1.31089016438531,1.46508939962607,1.51233494503066,1.51814481871666,1.52539648276194,1.53227590586738
"65",6.04099754640582,2.61352497007025,5.04707188489517,6.98702646793441,5.60114915237202,3.67101124945546,3.65854125287592,0.582768981948027,0.949370107827304,2.02934237049016,0.231756633793443,2.37577730390103,3.8315638531793,0.366178259707558,25.7584463082185,1.86002341426493,11.3954227659026,74.7030651924175,8.33245610730342,141.825487796805,206.432013606727,58.7195839255909,0.43947964361711,1.31559106616603,0.824828343526373,0.247025940770339,0.183522888520655,0.285852587484996,0.0185309548247464,0.0207601324054962,0.309346106077482,1.13857119161292,1.18919697316799,1.30335632281967,1.39798950803695,1.42379215241556,1.44029640051372,1.45544074148206
"66",6.663078455939,2.7421251609282,7.46404926552426,9.85191227185996,8.8011482195125,4.10981580748402,3.82649772425675,0.624614477544265,0.91463453364323,2.83481706028593,0.355694429027364,3.82067372459761,5.7157143343978,0.553865377030993,27.1280386593832,2.05850142996486,11.7375965399941,77.6853150537454,9.13680160227847,147.582543532445,223.845541957721,64.4522625647926,0.845512093177278,2.50967854216556,0.815085528938351,0.169704184206756,0.527227068312747,0.473148674668745,0.0081394115258702,0.773592812656906,1.04149029188835,1.2064719081636,1.16761926885876,1.17020242721252,1.27633021394289,1.31444749067004,1.34033168573731,1.36372482114316
"67",8.48648824299676,1.78241775681953,11.555523218579,13.897883278644,13.098444216388,5.21654524195399,4.85522426499926,0.920051275120647,0.706547888982987,3.41942978526945,0.505319000372816,5.83143242824514,8.10170469576701,0.788883194829659,28.2718913758707,2.1420180927382,12.1895440090274,79.6573761574378,10.3039337414795,154.626287221325,248.355399023961,72.7088297784564,2.56444148363092,5.41470053804932,1.63080720977698,0.811935864488411,1.4872070522966,1.02515743035767,0.162494826843433,1.2924096590784,1.47512364743631,1.51404430537562,1.38263197706836,1.42420779624013,1.4535213777336,1.44319991493762,1.44245649199749,1.44624119510051
"68",8.37227351688385,2.36815103839882,14.5558243320207,15.6435409702881,15.6235532548661,6.4860728353884,5.82364672210719,1.23038197792492,0.83833216052491,3.27198126458441,0.548219595483523,7.08831821000111,9.17035284484498,0.880991802786712,29.5894918432736,2.25742734148913,12.7747360819105,79.3867446970577,11.6130681828759,161.09269322165,276.179750860445,82.5329274552268,5.27486033368036,7.96950872711055,1.32240197088819,1.73579537906141,2.67996210468658,1.73936625250431,0.0200986558672259,1.22681248948988,1.60381892133271,1.67013177598425,1.57707704061146,1.89650672677994,1.87124475364262,1.78521572072335,1.72642787526412,1.68498095247169
"69",5.43948376168724,2.89184855694601,12.3304045201207,12.9161092636509,13.0892358200316,5.48794272998726,4.88608453627098,0.968662970377411,0.881148572305027,2.47223472732362,0.450820737838404,6.02983173596046,7.81618800761958,0.758881530741914,31.085683539213,2.4606507010222,13.4283678667441,78.246498653002,12.6841630533321,165.548849087264,299.949928415529,91.0974659540687,4.60309940358115,6.33585810689179,1.1986382328973,1.21678542851714,2.7511202559395,1.32113471286173,0.0945873997924604,0.956999481829794,1.36882915576383,1.48864870554719,1.4608395127544,1.91686031720211,1.95371381880567,1.86538148961464,1.78774724486617,1.73094533666324
"70",3.50823547807628,3.17018563941622,7.91026388959276,8.55036813537465,8.61631693568186,3.62585240748912,3.3563920061451,0.575281208235697,0.839590781750103,1.55423814971994,0.292226930437944,3.95900970618653,5.32853548361932,0.520194786337851,32.7593110885567,2.69829569070106,14.0741567944839,77.7005869795069,13.3609901060267,168.121366501287,315.949978886722,96.8336849468704,2.92579976582578,3.26520191959227,0.677167896991749,0.392481321002784,2.30821393347247,0.669414491051564,0.00767591209588537,0.59417997142879,1.08361114457797,1.22530507965118,1.24216132313782,1.50645089742934,1.63633124259766,1.60733448152935,1.56382674833596,1.53358601291925
"71",2.14249785861724,1.78086174468265,5.15214837396088,5.48909259562026,5.68007417993109,2.70040132972673,2.85043955448989,0.473918958926603,0.752010492122054,1.05615641354945,0.18517122228266,2.57980150159484,3.53482092712273,0.340771137736951,34.1238198752324,2.80996946609575,14.5622545709,77.7981462340718,13.7688440320256,169.620297320461,325.931675839399,100.244057557548,1.08048264901237,1.42610977996261,0.899446872376752,0.343908363431354,0.808720384467382,0.390736318041453,0.0268082179821495,0.0162631590906878,0.878860580034047,1.07080436373246,1.10812430691086,1.20040226912859,1.34717446356511,1.36565135753173,1.36478883317432,1.36720238536429
"72",0.492218883185467,0.00533227725289621,4.57002051039197,4.58696236293141,4.52900630145493,2.53060826577286,2.63883283890301,0.436886474440225,1.37733499946775,0.857615338757961,0.120494729092595,1.9914326847918,2.61312164244861,0.23286210869655,35.2362341990464,2.74569338833003,15.0254288161736,78.2801277184157,14.0362391202547,170.638085435704,333.288868336371,103.363236037944,0.972068476970011,0.975685724563617,0.431753506552626,0.223080903089121,0.915282363950134,0.262216542534882,0.0417689731354744,0.686368466926413,1.15528470347015,1.22089010529222,1.1928271710497,1.22304900861113,1.30393982520814,1.32887137561544,1.34917459662766,1.36673993618855
"73",0.660336060431934,0.00019459729640831,2.84496223820554,2.978468276441,2.78303585874444,0.56197382354151,0.384766483963917,0.0595863062601999,0.208188542082829,0.593546038454822,0.0648683575517846,1.18423037505832,1.51304812506805,0.126030440705405,35.8905498256807,2.70061717487049,15.3164604539692,78.8243774198458,14.1761637479241,171.187216737701,336.966842633953,105.240168567237,0.3744299787279,0.493410417154755,0.500624778872851,0.251935036673538,0.265264675853338,0.119797756029168,0.0091246108819427,0.704112373901854,1.29417590460729,1.3984067370474,1.39208473978465,1.40201943717463,1.42995900514593,1.43868355164311,1.45466680258256,1.46803513279271
"74",1.5274736328584,0.0394841525616135,3.38643741418588,3.87999804008293,3.42031521087,0.254204808309006,0.165032460396125,0.0153482644945605,0.136723045423264,0.795983573178091,0.0815664441607735,1.45653561776164,1.85855289860869,0.155079331914241,36.3080786410448,2.64738069332414,15.6282509727494,79.6578741992252,14.3576817360182,171.907675633449,342.085021927161,107.828028364534,0.511318819751758,0.684491660559774,0.216910505160822,0.138297922538205,0.435001232861733,0.15977571687743,0.0087891651800045,1.02075085726707,1.40224066308204,1.45324541310838,1.44671643228333,1.50457307896255,1.51918339446528,1.5176195212919,1.52603109191777,1.53333792678399
"75",2.86286421695853,4.53585591012722,3.94460256043536,5.09533964318027,3.5694582978514,1.48637913035599,0.40508192241653,0.06046528708518,1.51763719994417,0.899870098277627,0.0860126212921911,1.52337967795917,1.92880949110894,0.161632095338019,36.6886985217385,2.6030755869696,15.854473737942,80.6958759344082,14.5491907104193,172.671168518146,347.445505792329,110.504685580517,0.486177955688481,0.705506812836939,0.220981051966584,0.0949823188598277,0.440867362915592,0.150164990059597,0.00657728562196308,1.05339583132509,1.41491578956269,1.46546561306824,1.46072376799687,1.55707313760081,1.57416712998406,1.56993700436137,1.57519867650118,1.58027028136339
"76",5.08610385828885,5.77677555013305,5.01347467539001,6.4087306689412,4.54458894358448,3.76746009668174,3.18526256443097,0.407495710770975,2.39333612179834,1.33658246437245,0.131824706245422,2.00422012624258,2.60497094891108,0.236320175624656,37.9616105816386,2.70016502375592,15.8066342782569,82.434829741231,14.8415599022666,173.804158997105,354.707172664764,113.454482697493,0.516131691960543,1.04103085471911,0.391924783676536,0.165268967568144,0.382749431481287,0.292894661173257,0.00787169454039874,0.517074073695413,1.20547577791937,1.37103579754336,1.34106189753131,1.49607645904687,1.5417348294602,1.54518723933248,1.55064389882604,1.55591016920848
"77",7.03574610643188,3.15222966731903,5.75061448590616,7.40890704700308,6.19157453190279,4.56456889113987,4.47400219000005,0.684610825981724,0.929909296317762,1.95201489192668,0.206292963152808,2.82691685286169,3.73229705920265,0.358497691222034,38.5838509598138,2.91239947453222,15.8819324071482,84.9017240456043,15.3057973621781,175.516105108485,365.409141114953,117.057041286379,0.72399540034679,1.55991319004476,0.439327860804659,0.127493684693957,0.518378964413697,0.387408821983721,0.0202534011980141,0.358926929175223,1.03563333501942,1.21366679514459,1.23393661215558,1.32699304146111,1.41960292943031,1.442186212307,1.45615466881913,1.46900173931149
"78",9.05725965625968,1.83086683366965,8.13026305738256,11.037747037753,9.87225662730083,6.15282555996946,5.79335248095688,1.09983701213733,0.823888220392604,2.8941730850108,0.33749716224473,4.61905456356935,5.81897407944311,0.57545089321854,39.2140453668864,3.01871837713638,16.1310221092449,87.7720172044652,16.0720529556611,178.075348620656,382.21051556205,123.281230625271,1.07825610137359,3.02515657902695,1.09154302764332,0.315008823401905,0.666352473642007,0.549383566636428,0.0312592311137776,0.791077104938985,1.1381401298788,1.26645443529196,1.21799316716717,1.18576514578112,1.29135363963417,1.32762226321926,1.35120060204524,1.37237549500041
"79",10.0485501747231,1.96434433788169,11.0161829896512,13.8822752915639,13.2629078905411,7.15699518391744,6.58894265165394,1.37800608641007,0.859789893375885,3.23666267621023,0.427675353697346,6.30547626551074,7.42774024545466,0.729591870828443,40.0563597951524,3.10744035396426,16.507035119759,89.3758556230547,17.0538045374033,180.868200738375,403.382028660928,131.334485064808,2.26492888652535,4.36513754819692,1.08900862411435,0.300450267004971,1.71261303793112,0.841974244842707,0.0136304820178009,1.03026895460919,1.34256888642296,1.41409170076072,1.32803244258278,1.3443920091059,1.39843884241137,1.40160386302856,1.40877723192774,1.41847283893769
"80",7.41938755928389,2.58384418913526,10.7591065427811,11.3974637424076,12.031451608515,7.39543864892415,6.70503083182088,1.46116820551906,0.977193117359761,2.5605332771213,0.388284511506304,5.854929537393,6.90535612451564,0.683493503501137,41.0686410950546,3.26780615782979,16.9445235498101,89.462288792628,17.9403998651834,182.994850645315,423.065430916633,138.826041377452,2.34991559283405,3.80273642788649,1.11392664053211,0.345108404798541,1.77361946514009,0.844057702061572,0.0240993110218803,0.759296807297172,1.21668948620245,1.36235070483012,1.32623818329628,1.46809362086579,1.51559775379949,1.48945110063503,1.47311072028873,1.46536519706238
"81",5.59673010622316,3.0996272188667,10.8827424995162,11.4618495291143,12.0938849426702,6.001529598702,5.45963182528813,1.0973565481758,0.905824085792015,2.40176019222201,0.374232759849802,5.90313486418227,6.8212122925595,0.673045814739119,42.2423521373198,3.47589271922537,17.4871762603455,88.9844049342972,18.8157171286404,184.786691385476,442.908737832693,146.494079991334,3.2511377723066,4.82294709654898,0.855847979484511,0.690259057866577,2.10877169431541,1.01326750302745,0.092631312956798,0.938130691833947,1.27170304428709,1.37210658978378,1.33256237293622,1.56081901920794,1.62827214032924,1.59202100919294,1.55865048051151,1.53604688188035
"82",3.55834988548665,3.05861687464475,7.88345257552287,8.39894132413918,8.50514187592316,4.08339412921776,3.71809662044605,0.606587471047678,0.85055958732397,1.6045077874132,0.25694859029412,4.13351049726918,4.94985759880216,0.487188204660839,43.676103624787,3.6797563708514,18.0740102667533,88.6678238202732,19.4182398173059,185.91444138209,457.412588543011,152.146032124556,2.85517501090252,3.27696607329915,0.429471834114511,0.50991527517233,2.00184158489689,0.747898351596359,0.00801408846796884,0.599613783857768,1.06180266201498,1.19546142930033,1.21530227672193,1.34089779832238,1.46526504748232,1.46227009376937,1.44610439251949,1.43653327706766
"83",0.869313810073763,0.00628641404170608,4.72647272449811,4.83477973798336,4.80847285852472,2.4711366391533,2.747919369547,0.415236849112832,1.37697130182097,0.913221126243793,0.122443511259781,2.24739811365965,2.69324327354162,0.248942571531547,44.4868298059667,3.60637015030709,18.4567578924382,88.8608005001043,19.6944691767764,186.448252482816,464.74705381515,155.065351732722,1.33697685296656,1.19607347426466,0.324332457836791,0.130037941102792,1.26595958967753,0.32962772007882,0.00903141745189957,0.614332955775055,1.04692797451571,1.14456274369213,1.12701366588675,1.16197771084259,1.27905683151899,1.30651725619021,1.32178179613768,1.33596389863764
"84",0.577980402883377,0.0150559230698823,4.40990722461411,4.36244406404699,3.93121205263713,2.59064882555109,2.58789475194546,0.416414567431737,1.19449210802807,0.812431109025386,0.0902437072751164,1.78820609691321,2.11221095200222,0.18503327876798,45.0549765874867,3.53626629050902,18.7629753897438,89.3531016829541,19.8952813457556,186.857529937736,470.271630171874,157.749314397024,0.910541609464583,0.78017084618308,0.393782736235135,0.192625507227981,0.869862221895919,0.237813191695416,0.0222777676918791,0.504440396681571,1.24205190716014,1.31941130973593,1.28102441841332,1.29849424893115,1.35545111594229,1.37449695827882,1.3950960252158,1.41261195552422
"85",0.552021690456622,0.000168506449606231,2.15872219101549,2.26852601034831,2.03006824115851,0.593919862020337,0.353153160882929,0.0556734054480725,0.264698873844007,0.472015823148646,0.0419699407523335,0.899866388944843,1.03196990414773,0.0854838154067261,45.2795070427452,3.49418166946078,18.9135904750811,89.7829469091555,19.9859715853865,187.058713655297,472.600792936966,158.785214847691,0.36085930333295,0.266148610563746,0.315926810922382,0.156274331201516,0.33746814243768,0.119683736597814,0.00631859790211575,0.638745688015452,1.38102182745087,1.48484281184355,1.45110742461203,1.4856584964993,1.50820330759362,1.51103127922752,1.52384108199738,1.53470575834768
"86",0.973969894162333,0.00553228573023868,1.10761904709252,1.5360830945306,1.10911663876388,0.0841426440940493,0.0403489869248865,0.00380968222219193,0.0496671440768631,0.276458358469534,0.0224764239389345,0.484198343308395,0.561724025769108,0.0457005786064291,45.2862172115119,3.47079471083163,18.9819099143224,90.077565691293,20.0335821260921,187.168056408348,473.778024428141,158.929541634392,0.237075758432887,0.130899827184109,0.151009264010457,0.0547211238118158,0.216646541522439,0.130688950864765,0.00547434002842965,0.864636964831126,1.49446042595366,1.58081118862664,1.54900184216725,1.64000060644741,1.65769308269111,1.65241960360266,1.65895805956698,1.66503650222092
"87",3.16636162938467,1.51156030124454,3.59252582727112,4.70372187200976,3.57777149575956,0.849378178767365,0.438220910283014,0.0476308962821308,0.448884225060059,0.9829053861995,0.0782736541517846,1.57564123693389,1.81638049770336,0.15231054400233,44.9590804339974,3.40295832911434,19.1528812491038,91.1536724176423,20.2086572607838,187.589895570471,478.700815685758,161.574313544981,0.259516503832301,0.518958307184198,0.122439566851424,0.0446201287955821,0.240313787215282,0.117827024774319,0.00375314897860971,0.829802405851473,1.49191089161795,1.57614196249554,1.53464102816122,1.64652831633135,1.66911656866056,1.659548192019,1.66035834043923,1.66131393873103
"88",5.77675709810541,7.05538749505116,4.69775189723912,7.48389407069818,3.7074017445226,3.45099755051404,1.95324943328444,0.265986265695777,2.55419272346046,1.08048522282148,0.0830235057092305,1.63791051200335,1.88563384330162,0.159984620607975,45.1637317113682,3.39430879802012,19.1442036297918,92.4741667954843,20.394457848388,188.055456809466,483.821839820218,164.312843320453,0.369185573688201,0.597403380099356,0.154324355958822,0.07576209068128,0.336158518665847,0.116291972707882,0.0542799413413237,0.837470542888197,1.4480613821642,1.5457907998034,1.51655775362958,1.64222886057151,1.67232226705086,1.66353210641286,1.66281892853602,1.66280862055964
"89",9.67522578319775,6.09790933191595,5.42864184500971,8.27258774917207,4.69251884413038,5.31283722325303,4.54446552397929,0.55531685908804,2.34333509974869,1.65543963696658,0.138064888035329,2.18903036440914,2.64235570252809,0.248977961966239,45.5883224390618,3.48280875082282,19.3457268830391,94.7878885077862,20.6990739342793,188.81691876982,491.018339905241,167.50500618247,0.315489456560361,0.92207984534569,0.666580303704826,0.191679746119487,0.116576434989773,0.232729090754053,0.0129063488073251,0.155864585433698,1.10112704426546,1.36432378837972,1.39070919276348,1.54193778182692,1.59648565689813,1.59776599091568,1.5983940306144,1.59952746711868
"90",10.0045386336798,2.0486974961557,9.81929622181398,10.9230352389367,10.3303128349394,6.96229814330141,6.5013390690792,1.04112086439312,0.744156106435076,3.4212145669436,0.330978793212387,5.00441780841542,5.82613896930361,0.582879478895332,45.9549926931059,3.58806379831503,19.500235362465,98.9204198003232,21.4679732308194,190.605442447902,507.870733226864,174.226578309494,1.81404304431193,3.97242794413661,0.898798777080807,0.712382964885169,0.811158607839231,0.818487974756802,0.0840211648416837,0.939329210547563,1.23671983906009,1.33291328803884,1.29472652151392,1.25542070514817,1.36373023295413,1.3970982721355,1.41254506692361,1.42638470894585
"91",10.8279546709508,1.94632859360725,14.8624590033641,15.5424322716193,15.4537734683015,8.55132218625314,7.77399705230256,1.4820731038582,0.769609118732378,3.92138527811895,0.463230417833301,7.52835733151778,8.28062910730618,0.821264527487771,46.5172339328469,3.63372556642766,19.8116347476755,100.990153227228,22.5737024914211,192.688991923881,531.752013257023,183.909115707176,4.41133957945516,7.39965251093804,1.04983824220018,1.77630128848786,1.90715625259546,1.6975782080994,0.0205432798163788,1.13895268433356,1.53179741669983,1.58420231108779,1.47986809238802,1.47537967118106,1.49704784930393,1.4907549755704,1.4956895232068,1.50345697060511
"92",8.85780921721501,2.33329846175302,12.6339912287093,12.1098200599079,12.7958594530296,8.68113380341427,7.8098133686001,1.59174606960186,0.917361558758443,2.91793602879154,0.402277009124216,6.45336882766428,7.24002530928544,0.732169855786248,47.2981359481239,3.74400327328164,20.1930134638252,100.553529822901,23.4766711580253,193.982597147873,551.646070302448,191.968644402577,1.79276208221492,3.75236046153159,1.73549625872531,0.544882487416997,1.13095714751423,0.799464443888284,0.0580580293903585,0.243194167837374,1.18482684935611,1.43878427213676,1.41012129108632,1.59196733842248,1.6105095450388,1.56768699585414,1.5456369487811,1.53498821928945
"93",5.02881628444445,3.58393568914225,11.1107947536728,10.7068380035628,10.8567357030579,6.71400513557894,5.95581724405525,1.04173919165668,0.967358762590612,2.32147596876995,0.335463643171245,5.50848840159961,6.24341672696118,0.634995745161233,48.4779188291241,3.98301140054754,20.7048431403494,99.5134687018845,24.2347888068616,194.850513274863,569.11855742488,198.988642470199,2.01694271396948,3.29661818868646,1.51319362300407,0.41191292258009,1.46875493237841,0.780534634860325,0.0120242342775915,0.530378391733659,1.11405879607281,1.31289965641602,1.31708058361353,1.54103119065168,1.6035683570943,1.56114115890783,1.52775972072152,1.50830915216716
"94",2.71610923148857,1.67498834265152,6.6640278033059,7.08958690895605,6.63926342292936,3.86520399335469,3.89733318350273,0.627651399660414,0.765979823840527,1.34011638487344,0.180042417029326,3.26168168014867,3.73594030492248,0.365963160099997,49.301040251565,4.03915609872584,21.1069159329897,99.1373842511652,24.6495713728625,195.296896041632,579.676892481593,203.062271870277,1.98893854823473,2.21330700971602,0.477515116559001,0.306759970830121,1.60404311349473,0.507676270788523,0.0368364123958277,0.535681516357298,0.999486167852642,1.13449675614795,1.16272932777503,1.22499771184316,1.35309905998576,1.36423724009154,1.36454929910728,1.36954508280875
"95",1.0746271970507,0.139453881871113,5.1733380683179,5.15901018800888,4.94512674393649,2.96912253897943,3.22881198630895,0.5638318073125,1.63214655373282,1.01165753393821,0.11863649237374,2.34859769649506,2.66966864278761,0.248416239643737,49.7031856750545,3.9574480830771,21.3792103286561,99.2526479786826,24.9209122640184,195.601740801836,586.898022821412,206.030908282475,1.34193537023385,1.42851666277261,0.384667274547784,0.252076644257655,1.12474936616986,0.336930352756261,0.0112004381375768,0.744210989001987,1.10250333170789,1.17150176539143,1.13893913079566,1.18263793764017,1.28475195143819,1.31307343814974,1.33385435099061,1.35251325952937
"96",0.615048459059511,0.0212805967784769,4.78699634192654,4.73634455651601,4.37335797527982,2.38864176505402,2.79614661535027,0.506521306378655,1.65885890894854,0.959614038076048,0.0922402000432026,2.01073846710643,2.22996725714068,0.194293547142179,49.8364537028717,3.86724470139467,21.586916816977,99.7420346206275,25.1291074863851,195.86295845561,592.893198793629,209.29693206314,0.916812372875214,0.875110232878677,0.334894706879906,0.143129739828927,0.882062483899813,0.196073489106958,0.00828174372552896,1.06014696278606,1.35498420329499,1.36742715179582,1.32532358074174,1.34553895809835,1.38964461648809,1.40472195773616,1.42343859701021,1.43919346782077
