"","GPP_mean1","NPP_mean1","Reco_mean1","NEE_mean1","Rh_mean1","Ra_mean1","Rleaf_mean1","Rstem_mean1","Rroot_mean1","Rh4_mean1","Rh5_mean1","Rh6_mean1","Rh7_mean1","Rh8_mean1","QC1_mean1","QC2_mean1","QC3_mean1","QC4_mean1","QC5_mean1","QC6_mean1","QC7_mean1","QC8_mean1","QCt1_mean1","QCt2_mean1","QCt3_mean1","QCt4_mean1","QCt5_mean1","QCt6_mean1","QCt7_mean1","QCt8_mean1","QCt9_mean1","QCt10_mean1","NPPL_mean1","NPPR_mean1","NPPS_mean1","add_mean1","simuCH4_mean1","prod_mean1","oxid_mean1","diff_mean1","ebu_mean1","pla_mean1","conc1_mean1","conc2_mean1","conc3_mean1","conc4_mean1","conc5_mean1","conc6_mean1","conc7_mean1","conc8_mean1","conc9_mean1","conc10_mean1"
"1",0.462,0,14.295937,13.833897,14.024973,0.271,0.2215,0.0071,0.0424,3.802848,0.290324,6.28951,3.336376,0.305921,149.4501,85.0757,180.2367,295.5945,265.9538,464.2734,82151.7969,72477.2188,12.2911,1.91,7.587,8.7739,0.6698,10.8835,11.5467,0.5775,0.1842,5.0098,0,0,0,0,0.384255,0.82,0.151413,0.121904,0.130188,0.132155,0.008654,1.874665,4.046894,6.005781,7.187962,7.732656,7.83832,7.8992,7.9632,8.0288
"2",4.3426,0.0034,14.048545,9.705912,13.962475,0.0861,0.0692,0.0025,0.0144,3.895644,0.287843,6.194125,3.283753,0.301113,138.0947,83.2138,172.9795,305.4895,266.8719,464.6192,82146.1719,72477.2188,11.3571,1.8623,7.2584,9.0029,0.6652,10.7358,11.383,0.5693,0.1829,5.1345,0,0,0,0,0.427099,0.8118,0.118407,0.16379,0.127599,0.135704,0.009633,1.908784,4.112953,5.987788,7.271876,7.85015,7.948935,8.0037,8.0619,8.1218
"3",11.0207,0,14.232337,3.211621,14.03366,0.1987,0.1597,0.0058,0.0332,4.006081,0.288268,6.171185,3.268394,0.299728,127.6006,81.4102,166.081,313.9437,267.7425,465.1132,82140.5469,72477.2188,10.4941,1.8037,6.8985,9.2068,0.6625,10.6371,11.2673,0.5636,0.1822,5.2459,0,0,0,0,0.45374,0.7662,0.148854,0.105612,0.210781,0.137357,0.006246,1.954289,4.185994,5.938554,7.284381,7.912908,8.018291,8.074688,8.1325,8.1914
"4",30.8986,1.4049,22.988941,-7.909636,16.076051,6.9129,5.7397,0.2782,0.8949,4.714108,0.331968,6.992616,3.698182,0.339166,118.5957,79.7559,159.9052,319.571,268.4881,465.9107,82133.5312,72478.5625,9.7073,1.7948,6.7378,11.0811,0.7803,12.3259,13.0375,0.6522,0.2146,6.3092,0,0,0,0,0.739131,1.1628,0.046892,0.463073,0.087261,0.188807,0.055272,1.712845,4.069081,5.749252,7.237126,8.013028,8.136122,8.198721,8.26,8.3219
"5",70.4178,54.4377,70.061314,-0.356467,35.851531,34.2098,27.6069,1.8825,4.7204,10.677667,0.755364,15.499155,8.169879,0.749453,152.5085,80.0399,161.5272,311.908,268.2317,467.9053,82113.2578,72486.8516,10.2894,1.7624,6.5663,24.7806,1.753,26.976,28.4394,1.423,0.4821,14.1114,0.0337,0.027,0.0067,0.0643,1.821176,2.66,0.378402,0.494533,0.63363,0.693023,0.023212,1.035417,3.4223,4.708448,6.35853,8.143727,8.410893,8.543503,8.6447,8.7235
"6",110.9403,53.0439,111.528279,0.587967,54.637156,56.8911,44.9031,3.4157,8.5724,15.784644,1.160398,23.966089,12.57219,1.153844,172.0247,82.3359,171.0578,295.0024,267.0109,469.9676,82081.0859,72501.8047,13.1815,1.7734,6.7459,37.0997,2.728,42.2603,44.3371,2.2195,0.7502,21.155,0.0496,0.0397,0.0099,0,2.717389,4.7003,0.586782,0.874983,0.892258,0.95014,0.16288,1.403975,3.59733,4.641494,6.183821,8.30867,8.678731,8.866206,9.016,9.1351
"7",152.5251,61.5349,162.192482,9.667412,85.052916,77.1396,59.2004,5.1025,12.8367,23.110653,1.843189,38.264437,19.997953,1.836679,188.5362,86.6029,188.2198,260.9873,264.1468,470.4323,82029.4531,72516.9062,14.256,1.8865,7.4525,56.0091,4.4678,69.5638,72.7117,3.6426,1.2286,32.0337,0,0,0,0,6.457944,9.9575,0.639907,3.139174,1.718029,1.600743,0.276947,2.279236,4.904051,5.680233,6.729382,9.033386,9.404668,9.588052,9.743902,9.8749
"8",149.134,56.2197,161.748071,12.613933,80.53223,81.2159,64.1177,5.2411,11.8571,19.868571,1.757895,37.468749,19.632412,1.804618,201.1943,90.2456,202.5765,236.5785,261.5574,467.2796,81978.7734,72531.3359,15.4517,1.9791,8.1314,48.2871,4.2709,68.2666,71.5369,3.5867,1.1745,27.7324,0,0,0,0,7.379485,9.8511,0.546405,3.158724,2.428593,1.79217,0.016158,1.801752,4.791456,5.560422,6.575067,9.117319,9.498499,9.675609,9.832788,9.9712
"9",97.5093,27.1127,122.1031,24.593824,49.774172,72.3289,60.9318,4.1808,7.2163,11.556204,1.077956,23.568794,12.428076,1.143163,198.8024,91.1734,205.9408,233.7257,260.5967,464.3398,81947.9453,72543.6328,15.9482,1.7837,7.4807,26.5493,2.4764,40.5968,42.8135,2.148,0.681,15.2831,0,0,0,0,2.919296,3.6605,0.948959,0.181889,1.696788,1.04062,0.009755,0.566098,3.530706,4.419832,5.688005,8.217716,8.631287,8.828002,9.003776,9.160201
"10",56.1192,15.9938,88.823425,32.704197,32.332176,56.4912,49.0862,2.8242,4.5809,7.5263,0.692429,15.274809,8.093826,0.744827,191.2546,90.9485,204.6758,240.0605,260.5695,462.5595,81927.4297,72551.0625,15.5448,1.8243,7.6623,17.1457,1.5773,26.0983,27.6582,1.3883,0.4338,9.8639,0,0,0,0,1.552121,2.1457,0.666369,0.187601,0.698417,0.666118,0.006125,0.663593,3.229415,4.180647,5.52312,7.624807,8.0147,8.202888,8.3701,8.5175
"11",13.2368,0.0259,46.937092,33.700311,17.255023,29.6821,26.6916,0.8972,2.0932,4.072333,0.360509,8.114073,4.311271,0.396841,176.733,89.1478,197.2139,253.0087,261.2755,461.7198,81919.0703,72553.7109,14.5346,1.8032,7.4723,9.3295,0.8259,13.9416,14.8152,0.7438,0.2271,5.3583,0,0,0,0,0.925271,1.0483,0.163807,0.050114,0.524156,0.350999,0.003312,0.879798,3.69409,4.992387,6.158203,7.334048,7.609,7.7477,7.8805,8.0069
"12",3.0593,0,29.67042,26.611112,15.593982,14.0764,11.8008,0.3588,1.9168,3.882995,0.325241,7.201696,3.83135,0.3527,161.1656,87.0584,188.7158,268.4318,262.3019,461.3238,81912.5078,72553.7109,15.5673,2.0895,8.4981,8.9514,0.7498,12.4521,13.2492,0.6653,0.2062,5.1295,0,0,0,0,0.415509,0.8791,0.148077,0.062949,0.204977,0.147582,0.00469,1.759903,4.172338,5.964039,6.916162,7.460863,7.599839,7.6777,7.7614,7.848
"13",2.2952,0,13.329675,11.034512,12.315479,1.0142,0.8303,0.0267,0.1572,3.212041,0.256416,5.59511,2.97776,0.274143,148.9183,85.3437,181.8712,280.4273,263.172,461.2632,81906.0625,72553.7109,12.2474,1.7147,6.8446,7.3603,0.5876,9.6159,10.2353,0.514,0.1616,4.2098,0,0,0,0,0.251837,0.6195,0.104728,0.042262,0.078679,0.130901,0.003623,1.792668,4.106189,6.165504,7.16055,7.6296,7.718946,7.770704,7.8309,7.8966
"14",4.3982,0,12.562218,8.164006,12.548666,0.0135,0.011,4e-04,0.0022,3.387084,0.26049,5.629627,2.995651,0.275812,137.6017,83.6154,175.09,291.0371,264.0456,461.402,81900.2969,72553.7109,11.3166,1.7284,6.7812,7.7512,0.5961,9.6625,10.2833,0.5164,0.1639,4.4271,0,0,0,0,0.252081,0.5929,0.087196,0.039497,0.081065,0.131517,0.004121,1.809998,4.113353,6.200259,7.277818,7.775033,7.853057,7.8953,7.9447,7.9991
"15",29.5946,1.4037,18.539509,-11.055075,13.682178,4.8573,4.008,0.2042,0.6451,3.800594,0.283508,6.071755,3.229008,0.297314,127.8255,81.9192,168.572,300.0214,264.9474,461.7434,81894.6719,72553.7109,10.4779,1.8367,7.0798,8.8555,0.6605,10.6092,11.2841,0.5667,0.1816,5.0522,0,0,0,0,0.431982,0.8506,0.052875,0.268703,0.02801,0.135258,0.030502,1.855864,4.118658,6.184521,7.368291,7.913385,7.99479,8.0362,8.085,8.1393
"16",38.1265,44.1322,32.435522,-5.691023,15.28552,17.15,15.1332,0.615,1.4018,4.369475,0.31764,6.707159,3.563146,0.32811,159.3566,80.3827,162.8079,308.089,265.7471,462.3418,81888,72554.7188,11.1855,1.8199,6.8969,10.2828,0.7475,11.8372,12.5769,0.6317,0.2056,5.8611,0,0,0,0.0637,0.789828,1.105,0.035839,0.467255,0.154402,0.16817,0.052073,1.830019,4.186035,6.072421,7.356814,8.020835,8.120141,8.168601,8.2214,8.279
"17",89.6543,32.3187,84.511307,-5.143081,36.995071,47.5163,38.8877,2.6068,6.0218,10.868437,0.785692,16.054562,8.503177,0.783195,164.8745,81.3692,167.1471,302.6552,265.4403,464.2508,81866.3281,72562.8438,12.9042,1.793,6.7783,25.3801,1.8349,28.1228,29.7896,1.4966,0.5046,14.4637,0,0,0,0,2.022972,2.9778,0.303444,0.738139,0.495881,0.788952,0.109362,0.957673,3.289787,4.618059,6.324695,8.190064,8.447359,8.56843,8.6617,8.7365
"18",133.3365,49.0591,127.737563,-5.598922,59.007948,68.7296,53.9473,4.4091,10.3732,16.759011,1.260834,26.011991,13.712482,1.263645,175.9958,84.4206,179.5801,283.4541,264.0038,466.1706,81831.8516,72577.7578,13.4082,1.8546,7.1908,40.0813,3.0159,46.6685,49.2032,2.4732,0.8294,22.8741,0.0057,0.0045,0.0011,0,4.152111,6.0867,0.474938,1.854533,1.193979,1.1036,0.138105,1.569038,3.735534,4.726811,6.241442,8.451058,8.819724,9.000925,9.1462,9.2628
"19",161.7811,63.3713,167.429386,5.648403,81.787212,85.6421,66.5536,5.8225,13.2661,21.746876,1.774246,37.013327,19.458357,1.794411,193.1093,88.8249,197.1271,254.236,261.4141,466.0369,81782.3125,72591.8203,14.5721,1.9328,7.8018,51.8807,4.2324,66.2191,69.6244,3.5022,1.1639,29.6983,0.0477,0.0382,0.0095,0,5.019717,8.6442,1.142623,1.851361,1.675378,1.492973,0.121188,2.018594,4.65312,5.443179,6.562212,8.955122,9.33671,9.520901,9.6779,9.811
"20",144.7694,52.724,158.038152,13.268726,71.931651,86.1065,69.0547,5.6173,11.4345,17.610369,1.563703,33.478927,17.649773,1.628875,203.7351,92.0768,209.7676,237.1937,259.4435,463.3145,81737.9219,72605.8281,15.7363,2.0204,8.4492,41.5316,3.6874,59.2068,62.4258,3.1425,1.014,23.8564,0,0,0,0,4.580768,7.1247,1.276534,0.947253,2.182426,1.451077,0.013125,1.484316,4.271717,5.082046,6.234927,8.778348,9.178742,9.3662,9.531,9.676
"21",98.2296,30.0347,117.801104,19.571495,44.00242,73.7987,61.7714,4.2957,7.7315,10.292872,0.943489,20.752897,10.99758,1.015583,202.5219,93.3129,214.2498,237.9245,258.8106,461.0054,81710.9375,72616.9688,16.2307,1.7673,7.5318,23.297,2.1356,35.2171,37.324,1.88,0.5873,13.4006,0,0,0,0,2.124208,2.9542,1.284743,0.285489,0.972945,0.86578,0.059711,0.036656,2.97008,4.168278,5.506837,7.959991,8.386066,8.593018,8.7702,8.9204
"22",39.3566,7.9602,75.685487,36.328902,25.292064,50.3934,44.8775,2.2385,3.2774,5.979061,0.531317,11.879403,6.318572,0.583708,190.8826,92.3675,210.0319,248.0534,259.122,459.8597,81695.7031,72622.5938,15.6194,1.7415,7.402,13.1533,1.1686,19.5963,20.8465,1.0504,0.3214,7.5557,0,0,0,0,0.637334,1.3435,1.204481,0.225703,0.014847,0.396779,0.005989,0.168032,1.58334,3.709376,5.43353,7.42408,7.798693,7.9814,8.1408,8.2797
"23",8.5364,0,42.550553,34.014147,17.827881,24.7227,22.2356,0.6781,1.8091,4.3107,0.366981,8.311951,4.429014,0.409247,176.3769,90.4495,202.0049,260.9246,259.9047,459.1911,81685.1875,72627.4844,14.5056,1.9179,8.0269,9.951,0.8471,14.3887,15.3341,0.7728,0.2329,5.706,0,0,0,0,0.729535,1.1399,0.184551,0.099293,0.364686,0.265551,0.007668,0.816194,2.385191,4.463666,6.040125,7.30679,7.596519,7.7427,7.8697,7.9786
"24",0.9507,0,26.474768,25.524059,16.880893,9.5939,8.0246,0.2469,1.3224,4.301337,0.347993,7.728739,4.121913,0.38092,160.8409,88.1516,192.5778,276.2507,261.0519,458.9489,81678.625,72627.4844,15.536,2.2979,9.4271,9.9786,0.8073,13.4477,14.3439,0.723,0.222,5.7102,0,0,0,0,0.480179,1.0534,0.177304,0.127709,0.21857,0.133897,0.007874,1.515966,3.194305,5.373386,6.792978,7.479399,7.642318,7.7288,7.8119,7.8914
"25",1.2907,0,14.197474,12.906775,13.718811,0.4787,0.39,0.0126,0.0761,3.662604,0.283025,6.175238,3.293552,0.304394,148.6182,86.2105,184.7767,288.0499,262.0441,459.0476,81673,72627.4844,12.2227,1.9411,7.8011,8.5104,0.6577,10.7616,11.4794,0.5787,0.1809,4.8616,0,0,0,0,0.386656,0.8352,0.090095,0.185934,0.08148,0.119242,0.01007,1.678097,3.58424,5.593035,7.062775,7.67473,7.785348,7.843334,7.9037,7.9658
"26",2.8654,0,13.677,10.811578,13.667175,0.0098,0.0079,3e-04,0.0016,3.769728,0.281365,6.077111,3.239544,0.299422,137.3244,84.3231,177.3345,298.4027,263.0013,459.3523,81667.375,72627.4844,11.2938,1.8874,7.4422,8.6671,0.6469,10.4792,11.1723,0.5633,0.1779,4.9448,0,0,0,0,0.362111,0.7044,0.106397,0.080139,0.157067,0.124907,0.005446,1.778175,3.798691,5.59904,7.153718,7.806743,7.905278,7.9527,8.0035,8.0571
"27",8.4724,0.0012,13.663594,5.191221,13.446512,0.2171,0.1732,0.0065,0.0374,3.804499,0.275877,5.921117,3.153531,0.291495,126.8894,82.5323,170.4037,307.3047,263.8906,459.8111,81661.75,72627.4844,10.4356,1.7909,6.9311,8.7311,0.6331,10.1915,10.8558,0.5473,0.1741,4.9762,0,0,0,0,0.352861,0.6888,0.120676,0.072751,0.152054,0.128061,0.008667,1.8206,3.88254,5.61419,7.188418,7.883824,7.988756,8.03695,8.0866,8.1379
"28",20.6346,0.3875,15.222925,-5.411673,13.928404,1.2945,1.0635,0.0576,0.1734,4.021489,0.284917,6.085629,3.237125,0.299242,117.4394,80.7391,163.6002,314.7764,264.7825,460.4277,81656.125,72627.4844,9.6436,1.8321,6.9584,9.4057,0.6664,10.6746,11.3562,0.5726,0.1832,5.3564,0,0,0,0,0.515025,0.9096,0.047864,0.32497,0.058835,0.131213,0.031056,1.838168,3.884567,5.597016,7.243332,7.973024,8.087173,8.13952,8.191632,8.2447
"29",59.9381,40.8881,47.474445,-12.463669,21.197816,26.2766,20.682,1.4852,4.1094,6.374939,0.444865,9.10098,4.830455,0.446576,140.1468,80.6562,163.7176,316.5206,265.2831,461.8019,81645.3281,72630.7734,9.5855,1.8019,6.7585,14.8636,1.0372,15.9168,16.8962,0.852,0.2852,8.4602,0.0427,0.0342,0.0085,0.0658,1.147252,1.523,0.156829,0.463117,0.363055,0.321086,0.063172,1.237493,3.802646,5.376444,6.979727,8.099947,8.243008,8.306422,8.3729,8.4461
"30",111.4087,64.6107,100.030941,-11.377791,47.874595,52.1564,40.4348,3.1628,8.5588,14.297154,1.017038,20.647698,10.904265,1.008452,171.6489,82.9295,173.1693,302.4604,264.422,464.661,81617.3359,72642.0625,12.6191,1.8242,6.94,33.8891,2.411,36.7081,38.7712,1.9558,0.663,19.302,0,0,0,0,2.859062,4.4826,0.389562,1.321838,0.636555,0.900668,0.194269,1.504374,3.511349,4.658124,6.339924,8.360818,8.661685,8.803758,8.9192,9.0166
"31",143.8084,54.9809,146.519488,2.711023,74.122179,72.3973,56.2495,4.6661,11.4817,20.813912,1.587117,32.870689,17.253798,1.596653,184.9551,86.5236,187.6153,274.1587,262.2021,466.489,81572.6875,72655.625,14.1841,1.9039,7.5466,50.3179,3.838,59.6165,62.5842,3.159,1.0554,28.7303,0,0,0,0,5.827233,8.44,0.45897,2.865226,1.511597,1.450404,0.060568,1.677552,4.376991,5.245507,6.489186,8.795843,9.170789,9.3568,9.5108,9.6368
"32",141.5204,51.5224,143.581245,2.060741,61.264016,82.3173,65.7426,5.3929,11.1817,16.10817,1.315488,27.873722,14.613372,1.353267,195.7844,89.7876,200.5283,259.5434,260.7434,465.9654,81536.1875,72670.8984,14.9318,1.8883,7.6959,37.5235,3.0643,48.6951,51.0588,2.5791,0.8427,21.4806,0.0518,0.0414,0.0104,0,3.135507,5.0791,0.968075,0.328551,1.649603,1.157351,0.004798,1.574992,4.006983,4.867912,6.14882,8.542504,8.946316,9.143997,9.315,9.4634
"33",100.6379,43.8821,127.560086,26.922232,57.765376,69.7947,56.1962,4.1574,9.441,14.420711,1.233895,26.755334,14.053226,1.302206,201.9176,92.175,209.6878,250.37,259.5618,464.1567,81501.1562,72684.5625,15.808,2.001,8.3934,33.6757,2.8812,46.8501,49.2157,2.4875,0.7923,19.314,0.0483,0.0386,0.0097,0,3.151393,5.0797,0.994338,0.398263,1.595923,1.157212,0.008173,1.01646,3.723113,4.594271,5.883128,8.273754,8.68779,8.892437,9.0682,9.2176
"34",41.0773,11.276,76.526569,35.449227,34.019533,42.507,37.5871,1.7504,3.1695,8.267381,0.711621,15.890161,8.374007,0.776348,191.8838,91.2459,205.531,255.4968,259.6307,462.7208,81479.8203,72693.2266,15.6719,2.0567,8.6672,19.5195,1.6801,28.1384,29.6577,1.4998,0.462,11.1978,0,0,0,0,2.702102,3.2036,0.219938,0.837221,1.006706,0.858175,0.027358,0.749936,3.245968,4.268911,5.688824,7.742516,8.135409,8.3322,8.5023,8.6468
"35",6.3947,0,37.205847,30.811102,17.950403,19.2554,17.4025,0.496,1.357,4.422936,0.366961,8.344793,4.407025,0.40869,177.3021,89.2186,197.1316,268.5325,260.5037,462.0971,81469.8516,72697.5703,14.5817,2.0272,8.3995,10.2527,0.8506,14.5075,15.3234,0.7751,0.2339,5.8729,0,0,0,0,1.071543,1.2919,0.19912,0.204934,0.547782,0.318828,0.009567,1.2388,3.595018,5.054324,6.327131,7.459541,7.739795,7.88562,8.0172,8.1335
"36",0.5961,0,21.468924,20.872867,16.140696,5.3282,4.3957,0.1327,0.7998,4.185161,0.329791,7.369491,3.895006,0.361254,161.6847,86.9218,187.8107,284.1481,261.6931,461.9132,81463.2891,72697.5703,15.6175,2.2968,9.3207,9.6663,0.7617,12.7665,13.495,0.6827,0.2095,5.5259,0,0,0,0,0.471415,0.9051,0.129362,0.108841,0.222686,0.139897,0.003845,1.775035,3.881095,5.835114,6.980961,7.573902,7.725871,7.8116,7.8929,7.9685
"37",0.5733,0,13.274016,12.700693,13.092971,0.181,0.1482,0.0047,0.0281,3.545559,0.266977,5.882833,3.109216,0.288402,149.3979,85.025,180.2704,296.1314,262.6937,462.0269,81457.1406,72697.5703,12.2868,1.8969,7.5404,8.1282,0.612,10.1148,10.6918,0.5409,0.1683,4.6388,0,0,0,0,0.278797,0.6025,0.059806,0.046009,0.104118,0.128664,0.00416,1.789035,3.975455,5.972329,7.185976,7.729106,7.837628,7.8982,7.9562,8.011
"38",1.4866,0,13.200827,11.714256,13.192075,0.0088,0.0071,2e-04,0.0014,3.694082,0.268872,5.851483,3.090914,0.286717,138.0448,83.1738,173.0495,306.5524,263.6534,462.3508,81451.4844,72697.5703,11.3531,1.8511,7.2209,8.4329,0.6138,10.0183,10.5839,0.5355,0.1688,4.8069,0,0,0,0,0.262504,0.5421,0.056814,0.039364,0.097493,0.125653,0.003357,1.587615,3.969674,5.91222,7.276005,7.856518,7.95324,8.003521,8.053,8.1013
"39",9.3016,0.0014,14.038932,4.737283,13.811925,0.227,0.1824,0.0067,0.0379,3.974666,0.281419,6.0608,3.19834,0.296703,127.5551,81.3381,166.0241,315.2485,264.5705,462.8662,81445.8594,72697.5703,10.4904,1.8357,7.026,9.0997,0.6443,10.4066,10.9833,0.5558,0.1772,5.182,0,0,0,0,0.354349,0.6179,0.077796,0.060866,0.170872,0.122627,0.007548,1.713075,3.973564,5.812237,7.296823,7.944638,8.044419,8.092869,8.1417,8.1914
"40",26.2805,0.0992,18.659394,-7.62107,14.225937,4.4335,3.7224,0.1473,0.5637,4.184016,0.289923,6.188281,3.261159,0.30255,117.9098,79.543,159.2856,322.2548,265.4307,463.5569,81440.2266,72697.5781,9.6949,1.8051,6.7778,9.7293,0.6741,10.7911,11.3736,0.5756,0.1854,5.5365,0,0,0,0,0.477069,0.8414,0.052236,0.255148,0.091701,0.130218,0.035508,1.823533,3.959706,5.736226,7.326485,8.019219,8.125403,8.175406,8.2285,8.2849
"41",71.2804,33.4165,53.778982,-17.501356,24.542519,29.2365,23.3357,1.6825,4.2183,7.488271,0.513688,10.506145,5.522042,0.512382,132.9794,79.5763,159.9458,320.8493,265.7321,465.2225,81427.2422,72702.4531,9.3228,1.7713,6.5593,17.5525,1.204,18.4716,19.4176,0.9828,0.3311,9.985,0.05,0.04,0.01,0.064,1.416206,1.8744,0.13829,0.649874,0.376883,0.389446,0.010323,1.161744,3.806907,5.305488,6.912207,8.17127,8.343194,8.428301,8.5021,8.5794
"42",126.4346,79.27,119.54486,-6.889699,56.014146,63.5308,48.8376,4.051,10.6421,16.632142,1.182046,24.312199,12.708109,1.179645,175.417,82.6133,172.4545,300.3927,264.4189,468.1304,81394.4219,72715.3516,12.5668,1.8162,6.9043,40.197,2.8573,44.076,46.0767,2.333,0.7858,22.8941,0.0504,0.0403,0.0101,0,4.421005,6.0998,0.061077,2.416384,0.877921,1.126698,0.253243,1.733933,3.771767,4.829303,6.39269,8.491745,8.828981,8.994812,9.1164,9.2296
"43",153.8851,53.9357,159.356129,5.471057,79.096731,80.2594,63.3086,5.3031,11.6477,21.721422,1.675729,35.508928,18.474567,1.716073,188.0297,86.1166,186.5601,269.8642,261.9672,468.7849,81346.6406,72728.1875,14.355,1.8904,7.4689,52.6388,4.059,64.5038,67.1205,3.4007,1.1162,30.0676,0,0,0,0,6.598941,9.3778,0.666651,2.807406,2.206463,1.58508,0.050192,1.961925,4.648385,5.449512,6.540524,8.918417,9.274989,9.4356,9.5647,9.6816
"44",142.9578,54.4817,165.586045,22.628284,74.745613,90.8404,72.6981,6.1975,11.945,19.026978,1.599469,34.486008,17.963328,1.669826,199.9663,89.6881,200.6796,248.3204,259.797,466.7268,81301.3828,72741.2422,15.3031,1.8763,7.6722,44.7975,3.7664,60.9057,63.4505,3.2172,1.0358,25.6744,0.0513,0.041,0.0103,0,4.341423,7.1425,1.243603,0.517716,2.381086,1.442617,0.053232,1.811928,4.528947,5.282599,6.353224,8.880547,9.249273,9.399,9.5242,9.6376
"45",92.8893,35.1582,123.905906,31.016603,58.114477,65.7914,54.2653,3.7102,7.816,13.926861,1.238777,27.315173,14.303162,1.330494,201.6035,91.1724,206.2411,239.6756,258.5559,463.6904,81264.0078,72755.0078,15.9418,2.0313,8.5016,33.3952,2.97,49.1088,51.4286,2.6094,0.8168,19.1841,0,0,0,0,4.986285,6.5774,0.662841,1.517786,2.132889,1.335612,0.033523,1.362728,4.077861,4.879423,6.002052,8.400558,8.766899,8.915022,9.0461,9.1656
"46",43.5957,7.6798,82.662701,39.067006,37.56546,45.0973,40.6925,1.8716,2.5331,8.790809,0.787451,17.764466,9.352287,0.870442,190.0043,89.9354,200.9485,243.3046,258.4253,461.5066,81240.4141,72764.8672,15.4392,2.0048,8.3647,20.4769,1.8343,31.0346,32.6767,1.6589,0.5044,11.7667,0,0,0,0,2.745574,3.3235,0.568588,0.319494,1.481953,0.944123,0.007262,0.822467,3.501,4.355104,5.580357,7.73015,8.063757,8.201112,8.3321,8.4508
"47",7.2358,0,42.561614,35.325861,19.827174,22.7344,20.3756,0.6412,1.7176,4.612275,0.401812,9.39081,4.960449,0.461829,175.5653,88.0381,193.1469,255.1902,259.1115,460.3406,81228.7266,72768.1719,14.4389,1.8973,7.8016,10.6392,0.9269,16.246,17.163,0.8716,0.2549,6.1064,0,0,0,0,1.364756,1.4427,0.223429,0.097884,0.800972,0.4659,0.004178,1.011153,3.794807,4.884669,5.923769,7.221582,7.455397,7.5548,7.6712,7.776
"48",2.2539,0,26.69277,24.438842,14.124225,12.5685,10.5766,0.3205,1.6714,3.463941,0.284751,6.573296,3.478355,0.323884,160.1008,86.0282,185.0378,271.0638,260.1629,459.8363,81220.9375,72768.1719,15.4645,2.0099,8.1092,8.0022,0.6578,11.3884,12.0527,0.6122,0.1809,4.5821,0,0,0,0,0.460512,0.8176,0.114898,0.057148,0.25903,0.144334,0.004184,1.851676,4.654357,5.998506,6.711467,7.195666,7.276359,7.3205,7.4017,7.4748
"49",1.388824,0,9.126867,7.738035,8.664386,0.462471,0.271011,0.01742,0.174043,2.11981,0.071893,4.128963,2.239725,0.103997,144.895963,84.992501,178.711658,288.063601,260.891032,458.748728,81215.282731,72768.787194,15.204868,1.035601,6.326166,4.684057,0.152016,7.439075,7.154289,0.180017,0.041801,2.693045,0,0,0,0,12.242116,0.294954,0.337882,0.033957,11.902972,0.305215,0.006958,1.526063,4.117364,5.349689,6.063373,6.77664,6.835829,6.863072,6.925186,6.982753
"50",0.809932,0,5.906138,5.096207,5.905941,0.000194,8.6e-05,0,8.1e-05,1.49505,0.048645,2.770842,1.521137,0.070262,131.804756,84.245597,174.239807,302.480038,261.424867,458.13848,81210.925783,72768.904149,13.091219,0.747,4.471825,3.254053,0.101527,4.926526,4.785089,0.120233,0.02792,1.869489,0,0,0,0,0.425214,0.165515,0.227964,0.027847,0.141693,0.255652,0.003886,1.251659,3.752711,5.109627,5.912678,6.601788,6.650849,6.663284,6.70827,6.750082
"51",14.220339,0.042395,13.701014,-0.519327,13.142694,0.558322,0.308674,0.01949,0.230158,3.578359,0.110711,6.010092,3.291265,0.15228,120.014155,82.809355,165.847221,314.645286,262.402138,457.196764,81203.729923,72771.453837,11.811785,1.44022,8.409526,8.273285,0.246137,11.323294,11.023563,0.277759,0.067687,4.744881,0,0,0,0,0.355196,0.419859,0.12878,0.058602,0.069314,0.227278,0.00247,1.151251,3.571543,5.00582,5.973312,6.684054,6.744993,6.762261,6.804415,6.843699
"52",35.146668,26.266468,25.50046,-9.646209,18.004478,7.495978,5.35302,0.485916,1.657045,5.081615,0.153029,8.095487,4.467166,0.207179,132.416912,81.541425,157.527304,324.780658,263.537085,456.312524,81194.404455,72775.583047,11.920739,1.738853,9.792328,11.838872,0.343447,15.389877,15.106338,0.381443,0.094447,6.780829,0,0,0,0.0634,0.34199,0.646561,0.166631,0.005063,0.107239,0.229688,0.001604,1.292321,3.488411,4.868847,5.952776,6.758607,6.846471,6.875811,6.921717,6.965667
"53",60.380706,41.654066,54.134929,-6.245785,27.131247,27.003676,20.389337,1.723372,4.890972,7.990948,0.234389,11.977974,6.61841,0.30953,150.240723,81.648944,155.35933,330.247646,264.488509,455.592733,81179.360936,72783.284216,14.553365,1.747946,9.58979,18.935931,0.536173,23.222146,22.840304,0.581006,0.147448,10.820952,0,0,0,0,1.09922,1.572202,0.125077,0.469479,0.106544,0.523205,0.065269,0.615987,2.66566,3.764609,5.224318,6.893242,7.047758,7.106604,7.168466,7.226599
"54",100.525286,41.732675,109.429043,8.903757,62.291428,47.137606,34.199593,3.629258,9.308757,18.264778,0.547854,27.471201,15.283807,0.723791,156.001081,83.96797,161.902028,311.719872,264.783213,453.813187,81143.455076,72801.271559,15.105979,1.854229,10.150298,44.067109,1.281415,54.47128,53.910083,1.390213,0.352388,25.1111,0.000953,0.000763,0.00019,0,2.910352,6.263748,1.269835,1.090677,0.381288,1.438393,0.04032,1.117036,2.469446,3.032072,4.459361,7.463741,7.74996,7.833779,7.921668,8.002482
"55",124.381025,59.173028,152.360886,27.979854,91.369911,60.990966,43.12544,5.016833,12.848686,25.21942,0.84254,40.677797,23.509362,1.120792,169.538921,87.961387,174.807698,277.160354,264.414838,449.867482,81086.36922,72828.495008,16.048842,1.923829,10.763297,61.658969,2.003831,82.17015,84.263229,2.190148,0.551059,35.107347,0.049525,0.039616,0.009903,0,4.650514,12.637743,3.511107,1.346316,0.984616,2.319577,0.018737,1.92659,3.722655,4.053029,5.321301,8.808469,9.025981,9.0164,9.048589,9.080826
"56",113.716993,58.833414,152.313727,38.596731,93.08378,59.229931,41.872585,4.72894,12.6284,23.417969,0.898805,42.071358,25.477854,1.217802,181.566931,91.881627,187.034661,249.010913,263.944749,443.945211,81023.326328,72857.277417,17.38876,1.963081,11.306292,57.138552,2.138709,85.23667,91.35814,2.381414,0.588147,32.563669,0.047779,0.038226,0.009552,0,5.118201,13.077782,3.485806,0.590026,1.888125,2.64005,0.017687,1.646618,3.973802,4.387346,5.718362,9.874685,10.062417,9.948841,9.880785,9.831817
"57",103.086081,59.661032,147.689851,44.603756,94.770655,52.919206,36.312518,4.080987,12.525699,21.900618,0.955449,43.292049,27.31499,1.307544,192.824881,95.745798,198.532466,224.780349,263.367678,436.354221,80951.990629,72888.603123,18.572551,2.101941,12.366587,55.484187,2.363734,91.337131,101.766556,2.65952,0.650028,31.666141,0.044257,0.035404,0.008855,0,9.294906,18.045518,3.434492,2.797792,2.95745,3.539655,0.016889,1.746625,4.203689,4.662076,6.072045,10.85529,11.068903,10.874,10.701731,10.567331
"58",52.456874,22.389454,80.695169,28.23829,51.387161,29.308007,22.186594,1.882602,5.238807,11.131715,0.513257,23.572122,15.435825,0.734248,185.231652,95.995426,195.771438,228.997409,263.863427,432.324998,80913.463124,72905.627497,18.787943,1.989308,11.716794,26.58641,1.195142,46.949735,54.168022,1.4052,0.328666,15.204144,0.001654,0.001322,0.000333,0,4.332263,5.56208,1.192887,0.021031,2.612635,1.698588,0.005391,0.644584,2.549068,3.091433,4.489425,9.212919,9.706332,9.670346,9.584378,9.525297
"59",17.72185,6.340532,56.310245,38.588384,37.843821,18.466426,15.145316,0.981012,2.340103,8.416258,0.376287,17.105394,11.405718,0.54016,170.802806,94.492051,186.059886,239.102447,264.807351,430.216014,80884.822658,72918.250157,17.599128,2.137422,12.247764,20.062316,0.872771,34.006049,39.914338,1.029432,0.240011,11.476296,0,0,0,0,2.984058,3.891213,0.78191,0.435952,1.285274,1.262825,0.048307,0.607651,2.329402,2.876787,4.126664,7.961579,8.546641,8.628184,8.636285,8.650622
"60",5.392463,0.007258,38.619792,33.227324,27.047225,11.572556,9.163583,0.519706,1.889277,6.235521,0.263607,12.030793,8.134699,0.382604,152.271921,92.062244,172.730421,256.890856,266.280355,429.371722,80864.967188,72927.044064,18.534517,2.43052,13.332357,14.442323,0.59308,23.231616,27.61107,0.706389,0.163096,8.263636,0,0,0,0,1.783117,1.933331,0.627109,0.117593,0.82927,0.836259,0.004875,0.867864,2.698731,3.402027,4.500384,6.98089,7.472837,7.594442,7.660412,7.718866
"61",2.351802,9e-06,15.220985,12.869174,14.246247,0.974737,0.632515,0.044646,0.297578,3.440872,0.136512,6.226995,4.243299,0.198562,138.027346,90.259316,163.264159,273.00065,267.50978,429.271137,80855.473826,72929.911724,14.244595,1.802936,9.46627,7.871571,0.303201,11.871048,14.207833,0.361268,0.083381,4.503736,0,0,0,0,0.634421,0.669484,0.336601,0.009991,0.342406,0.282026,0.008485,1.154351,3.503533,4.403938,5.289954,6.615142,6.940327,7.039972,7.113897,7.177691
"62",6.785711,0.016365,12.980744,6.195032,12.829359,0.151384,0.084461,0.006118,0.060811,3.285966,0.123077,5.494383,3.750779,0.175147,125.150792,88.584064,154.778934,287.187278,268.665218,429.516457,80846.984527,72931.904146,12.884742,1.6776,8.491093,7.441172,0.270432,10.359975,12.416964,0.315359,0.074368,4.254575,0,0,0,0,0.379966,0.508762,0.413243,0.013186,0.175091,0.191691,0.002279,0.983068,3.503293,4.663457,5.558556,6.539255,6.744898,6.818982,6.887762,6.946177
"63",23.051968,21.53097,19.763859,-3.288113,16.136462,3.627392,1.668651,0.142795,1.815957,4.361387,0.155934,6.782247,4.620692,0.216209,134.177217,86.809716,145.940179,298.609059,269.899426,430.207974,80836.39086,72935.586484,12.167366,1.864275,9.085919,10.111063,0.350526,13.096598,15.666784,0.398672,0.096392,5.775328,0,0,0,0.061393,0.405632,0.742147,0.231812,0.041255,0.119378,0.244993,0.003421,1.276777,3.556826,4.711773,5.646921,6.604334,6.7665,6.830684,6.89509,6.951059
"64",45.06045,33.630633,44.305403,-0.755042,26.65952,17.645885,12.145801,1.068419,4.431662,7.560286,0.260305,11.03256,7.454898,0.351467,147.79253,86.079145,141.682403,304.543555,270.91567,431.816063,80818.313905,72943.495545,14.255326,1.882681,8.8656,17.467877,0.583983,21.257092,25.230788,0.64731,0.160601,9.959152,0,0,0,0,0.870254,1.415955,0.379893,0.013368,0.211839,0.645046,0.001785,0.557906,2.423908,3.281415,4.599231,6.715203,6.939207,7.022908,7.098711,7.166683
"65",95.935188,44.741755,84.915209,-11.019971,40.662152,44.253059,30.933004,3.322298,9.997764,11.725499,0.401273,16.783836,11.218791,0.53275,155.431939,88.988894,152.160059,300.14531,271.352929,434.284564,80791.404217,72955.442264,14.731447,1.564449,7.419022,26.783402,0.892535,32.005859,37.588324,0.974153,0.24545,15.241937,0.030718,0.024578,0.006149,0,0.695343,1.952282,1.131204,-0.007132,0.08526,0.61721,0.007171,0.011405,0.418876,2.589798,3.976722,6.842114,7.194574,7.308763,7.404115,7.489523
"66",116.385273,59.412378,116.063724,-0.321572,65.361598,50.702117,34.030741,3.962045,12.709337,18.277414,0.652426,27.426581,18.136368,0.868816,169.249019,93.197689,167.290089,281.921151,271.328043,436.891989,80746.673356,72975.021408,15.8891,1.732462,8.63489,43.008096,1.497563,53.96021,62.74366,1.639053,0.411825,24.458171,0.032036,0.025628,0.006405,0,1.121287,4.830256,1.534958,0.002772,0.266108,0.852405,0.019247,0.760957,2.466051,3.241509,4.542113,7.676377,8.018436,8.099481,8.178461,8.247588
"67",134.838792,66.661847,154.357121,19.518317,95.554495,58.802611,40.140785,4.61793,14.043895,24.80149,0.980173,41.291099,27.173066,1.308674,185.19021,97.861732,183.48039,249.963273,270.706805,436.926091,80677.635078,73004.589141,17.38972,2.002137,10.474438,60.122277,2.323007,83.860445,97.074249,2.551547,0.638829,34.209179,0.047845,0.03827,0.009572,0,3.780922,13.084572,4.067926,0.507373,1.037037,2.236502,0.332203,2.50026,4.494491,4.746664,5.886149,9.548187,9.708829,9.624653,9.588526,9.559637
"68",132.924422,67.625675,164.932764,32.008324,102.841123,62.091628,43.085417,4.848962,14.157261,23.682839,1.084657,46.026249,30.572462,1.474918,200.04248,102.399406,198.443095,220.371281,269.86865,431.851445,80594.928361,73039.173985,18.960529,2.224878,12.087566,60.973653,2.729274,99.179919,115.905292,3.055315,0.750552,34.777786,0.044239,0.03539,0.008841,0,11.561885,22.191827,3.719753,4.070653,3.072336,4.418917,0.007909,2.13206,4.875977,5.216462,6.580265,11.36662,11.399884,11.122178,10.923424,10.765986
"69",102.018694,56.580585,136.350992,34.332293,83.468949,52.88203,36.98523,3.971675,11.925129,17.608077,0.889319,37.983168,25.747369,1.24102,208.150276,105.730701,208.099998,209.256403,269.643899,425.928865,80525.784062,73068.221166,20.182447,2.326736,12.975317,44.621808,2.202471,80.626445,96.099472,2.529336,0.605681,25.515917,2e-06,1e-06,0,0,9.454969,16.275668,2.940428,2.392558,3.646756,3.415649,0.221115,1.483305,3.854121,4.3636,5.866648,11.245204,11.491674,11.251278,11.029074,10.857599
"70",54.13667,25.327243,84.453034,30.316361,53.143734,31.309308,23.514315,2.065627,5.729364,10.949543,0.557258,24.162304,16.674466,0.800163,200.585737,105.975281,205.466057,216.090767,270.272471,422.505815,80482.753437,73086.481487,20.228112,2.28814,12.764831,26.502033,1.316135,48.985161,59.375133,1.553866,0.361942,15.175113,0,0,0,0,5.366597,6.949002,1.46734,0.440988,3.029946,1.895677,0.005704,0.668731,2.602384,3.117023,4.516893,9.519603,10.049603,9.99772,9.889699,9.812694
"71",28.134601,10.893497,54.990768,26.856173,33.063611,21.927162,17.35669,1.303229,3.267243,7.089936,0.340416,14.814234,10.326321,0.492707,186.965326,105.196363,199.163831,230.019181,271.171393,421.193727,80457.866638,73097.260783,19.067149,1.939416,10.588453,16.017958,0.749571,28.014221,34.259791,0.891826,0.206139,9.170762,0,0,0,0,1.837129,2.496813,1.675034,0.014102,0.833504,0.989515,0.01564,0.01204,2.026346,2.689106,3.898301,7.885008,8.49558,8.572902,8.575732,8.58746
"72",3.346013,0.000897,31.123002,27.776984,20.561597,10.561415,8.004629,0.476057,2.080726,4.575231,0.203654,9.095579,6.384806,0.302319,166.783824,102.879444,186.940224,252.453558,272.694368,420.750793,80442.802808,73102.681555,20.181949,2.317009,12.223977,10.319206,0.44645,17.152229,21.108666,0.544157,0.122772,5.909655,0,0,0,0,1.095245,1.216042,0.863039,0.025548,0.536298,0.533406,0.014323,0.073034,3.180832,4.02516,4.911796,6.819738,7.276975,7.382188,7.440624,7.493065
"73",4.198861,6.2e-05,11.408217,7.209353,10.696705,0.711516,0.434854,0.03235,0.244307,2.605826,0.105297,4.595427,3.237698,0.15245,151.263842,101.236477,178.582079,270.826214,273.86568,420.929031,80434.683281,73104.127655,15.520018,1.642974,8.358162,5.751743,0.22521,8.447994,10.426628,0.266822,0.06193,3.292583,0,0,0,0,0.224606,0.442995,0.653605,0.015529,0.058162,0.150916,0.005191,1.037568,3.601402,4.670426,5.49268,6.563038,6.825775,6.901248,6.961248,7.012068
"74",11.22535,0.093827,14.33195,3.106595,13.605784,0.726165,0.433646,0.031704,0.260814,3.531518,0.13381,5.723081,4.027708,0.189685,137.262996,99.184544,168.462618,287.237744,275.324254,421.515503,80425.011952,73106.693907,14.047754,2.065913,10.152405,8.098521,0.297386,10.949388,13.496299,0.345376,0.081783,4.632335,0,0,0,0,0.437592,0.578708,0.257827,0.036138,0.14708,0.254371,0.003502,1.358847,3.804091,4.865138,5.682368,6.573616,6.743887,6.801478,6.857313,6.905644
"75",20.473954,15.970313,17.179827,-3.294126,14.382999,2.796829,1.279565,0.130759,1.386505,3.913099,0.140701,5.953011,4.179442,0.196738,139.825966,97.240827,159.057287,301.226586,276.756933,422.424225,80415.054762,73109.523513,12.989233,2.055307,9.71182,9.020271,0.314379,11.448271,14.079398,0.360589,0.086454,5.155015,0,0,0,0.065367,0.38954,0.586637,0.190927,0.006735,0.133721,0.2491,0.001919,1.294225,3.772644,4.885564,5.719813,6.602219,6.738126,6.787995,6.84337,6.892512
"76",52.227405,42.749953,46.71851,-5.508901,23.213972,23.504527,16.289187,1.483534,5.731809,6.703564,0.229702,9.412721,6.556964,0.311031,160.685423,96.725193,155.281513,310.394334,277.926726,424.419978,80399.303594,73116.141325,15.13439,1.975938,9.071566,15.334424,0.509774,17.985104,21.962409,0.567166,0.140184,8.744457,0.000132,0.000105,2.6e-05,0,0.675417,1.081504,0.439833,0.009285,0.125787,0.540353,0.001368,0.436722,2.46461,3.39365,4.647118,6.659093,6.864771,6.937128,7.004859,7.06599
"77",85.780325,37.314446,80.825572,-4.954755,39.010451,41.815119,30.149518,3.060837,8.60476,11.481667,0.38798,15.768446,10.853333,0.519029,163.557525,98.577617,161.249518,308.731593,278.701315,427.898407,80372.573593,73127.767338,15.785133,1.940528,8.896301,26.635367,0.87487,30.581011,36.926377,0.962122,0.240593,15.163334,0.004724,0.003779,0.000943,0,0.987287,2.177702,0.615535,0.003597,0.21158,0.772108,0.006335,0.255682,1.908516,2.589339,3.87285,6.811048,7.157208,7.266083,7.356525,7.437935
"78",129.293411,62.504153,125.528549,-3.764857,67.264677,58.263864,39.970553,4.578392,13.714914,19.316426,0.676436,27.646467,18.722496,0.902844,178.110089,102.792031,176.500013,289.860384,278.88064,432.437681,80325.812341,73147.915392,16.69949,2.043968,9.74316,45.620608,1.55807,54.680258,65.02187,1.709778,0.428471,25.939135,0.048263,0.038607,0.009658,0,1.505769,5.839178,1.939621,0.025033,0.360998,1.119743,0.006641,1.121644,2.622287,3.211344,4.449252,7.691137,8.035391,8.115356,8.195337,8.265179
"79",139.504863,67.780052,149.056355,9.551486,85.929104,63.127233,43.528342,4.969646,14.629237,23.014198,0.882069,36.449032,24.400401,1.183408,193.796274,107.423631,192.90766,263.683712,278.631126,434.693253,80263.866405,73174.476958,18.203846,2.146391,10.704388,55.407056,2.073945,73.541377,86.509881,2.287299,0.570335,31.51278,0.048482,0.038791,0.009697,0,3.408826,9.649533,2.133387,0.029911,1.274327,2.104604,0.009421,1.720976,3.727017,4.073896,5.259653,8.995266,9.242907,9.213681,9.21552,9.220798
"80",121.509942,62.968945,139.384317,17.874369,78.31498,61.069347,42.660182,4.684456,13.724714,19.298733,0.811559,34.202847,22.891733,1.110098,205.653698,111.604742,207.097727,248.773848,278.547231,433.696983,80206.511952,73199.225314,19.627031,2.115793,10.997488,45.85206,1.882323,68.113844,80.090248,2.119816,0.517639,26.118637,0.046889,0.037506,0.009377,0,3.002273,8.299274,2.655819,0.020652,1.185631,1.795999,0.005957,1.105201,3.262331,3.827566,5.165886,9.476735,9.7525,9.672898,9.61617,9.576539
"81",97.401897,53.462863,125.85503,28.453139,74.338243,51.516791,36.034754,3.840073,11.641961,17.587862,0.776628,32.818814,22.084069,1.070872,211.886948,114.57292,215.825949,239.216542,278.711953,431.660515,80149.388204,73223.766952,20.498158,2.378113,12.656889,43.0689,1.856585,67.379882,79.667924,2.108054,0.510564,24.560849,0.003028,0.002418,0.000608,0,5.147304,10.39573,2.057788,0.798002,2.064317,2.284991,0.205651,1.404209,3.471064,3.922386,5.249591,9.742084,10.106817,10.036124,9.956649,9.895718
"82",51.37902,26.420369,81.491814,30.112796,50.90967,30.582145,22.244703,2.117961,6.219468,11.660559,0.523774,22.630628,15.353288,0.741411,204.600414,114.777096,213.016316,244.945632,279.590292,429.861542,80109.760547,73240.807345,20.496731,2.499851,13.315771,28.458555,1.24644,46.266865,55.119717,1.45048,0.342771,16.255305,0,0,0,0,5.015243,6.599077,0.842273,0.944638,2.189672,1.880931,0.005039,0.646824,2.433122,2.933349,4.265696,8.755062,9.29019,9.320699,9.29409,9.278365
"83",5.743108,0.001054,34.054189,28.311077,22.996187,11.058,8.774105,0.491391,1.792497,5.296492,0.226269,10.175252,6.965244,0.332917,185.530967,112.416166,200.80023,264.364394,281.089365,429.270924,80092.858197,73248.294841,19.069968,2.361044,12.216507,12.22194,0.507812,19.644561,23.578177,0.613228,0.139646,6.989031,0,0,0,0,1.82446,1.640338,0.47073,0.009567,0.987974,0.826893,0.0048,0.689619,2.469216,3.091898,4.242181,7.343361,7.880264,7.981127,8.024856,8.066258
"84",3.784265,0.003669,24.464788,20.680529,16.57333,7.891459,5.765589,0.377703,1.748165,4.062607,0.160727,7.183223,4.932105,0.234665,165.564384,110.128101,189.415479,286.903717,282.682765,429.30621,80081.074686,73252.048051,19.968421,2.288427,11.386198,9.158993,0.351948,13.528946,16.277091,0.42099,0.096785,5.236361,0,0,0,0,0.950358,0.843756,0.565057,0.017305,0.482484,0.450561,0.010643,0.263551,3.1097,4.069021,5.004647,6.621892,6.990748,7.086516,7.153355,7.211514
"85",3.258981,3.5e-05,7.73489,4.475904,7.371449,0.363439,0.197734,0.017982,0.147736,1.9543,0.070908,3.106753,2.138408,0.101072,150.567549,108.812531,183.070091,304.156067,283.650185,429.58062,80075.25844,73252.555702,14.996839,1.315559,6.34542,4.287542,0.150797,5.675333,6.840513,0.175701,0.041472,2.450093,0,0,0,0,0.284168,0.240606,0.378231,0.014159,0.113571,0.156453,0.002515,0.770058,3.327575,4.514541,5.429116,6.473783,6.677735,6.732248,6.786939,6.833226
"86",5.935369,0.004432,4.149888,-1.785477,4.019239,0.130646,0.071392,0.004973,0.054289,1.112023,0.038536,1.667054,1.147334,0.054298,138.948273,108.067063,179.53583,317.007765,284.203517,429.80004,80071.77703,73252.581874,11.621493,0.746051,3.535911,2.416339,0.081171,3.021712,3.63843,0.093411,0.022319,1.380795,0,0,0,0,0.267762,0.111193,0.100094,0.004238,0.057325,0.206206,0.001499,0.945181,3.338479,4.556572,5.530674,6.454286,6.564913,6.583135,6.619362,6.650358
"87",19.413339,0.393118,15.084228,-4.329112,13.89041,1.193822,0.648489,0.049974,0.495363,4.075916,0.135218,5.633534,3.862895,0.182835,126.465362,105.870273,169.363329,330.985416,285.777511,430.985887,80062.70039,73254.79,12.846094,2.207094,10.192133,9.391571,0.301918,10.828,13.00446,0.334979,0.083027,5.360629,0,0,0,0.004137,0.260135,0.421443,0.091771,0.002801,0.060852,0.19649,0.001117,0.875269,3.317723,4.58393,5.607855,6.603795,6.70817,6.728232,6.764751,6.797786
"88",35.970764,33.514471,28.786081,-7.184688,14.946201,13.839878,7.572365,0.992681,5.274826,4.532969,0.144813,5.98651,4.088294,0.193622,143.936226,104.711915,162.063468,343.182761,287.316733,432.478976,80053.144218,73257.427501,12.573151,2.191125,9.737487,10.44209,0.323148,11.504276,13.764131,0.354853,0.088865,5.955864,0.03928,0.029007,0.010284,0.063534,0.283132,0.481515,0.148505,0.005776,0.08716,0.190203,0.016067,0.557774,3.233292,4.528748,5.579218,6.671819,6.789761,6.815555,6.855211,6.892693
"89",94.457277,56.850333,73.745191,-20.712074,27.085845,46.659356,28.662862,3.497137,14.49935,8.759345,0.268373,10.576764,7.139506,0.341852,164.527919,107.21782,169.883545,347.533829,288.408518,435.885207,80036.349999,73264.233908,15.238899,1.980828,8.712938,19.897655,0.591916,20.066174,23.747424,0.619907,0.162775,11.320018,0.046785,0.037434,0.009358,0,0.365212,1.02105,0.733615,-0.001153,0.016864,0.349489,0.003147,0.152359,1.092896,3.017786,4.517094,6.802831,6.997459,7.05585,7.115646,7.172618
"90",126.147738,61.497516,126.527914,0.380193,71.899986,54.627929,36.829162,4.287993,13.510775,22.4292,0.713876,28.806674,19.026629,0.923597,178.614171,110.984783,183.568843,321.365773,288.756849,442.982539,79988.347109,73285.244921,16.662499,2.382799,10.913679,54.101209,1.67705,58.163138,67.467765,1.784591,0.461187,30.723393,0.048148,0.038521,0.00963,0,3.010276,8.019864,1.898413,1.00703,0.414729,1.588517,0.14813,1.441688,2.835259,3.285112,4.505068,7.733698,8.010706,8.072574,8.15358,8.227573
"91",135.422729,67.064172,161.808539,26.385804,101.96347,59.845071,40.85765,4.719898,14.26752,28.609409,1.041046,43.046194,27.903814,1.363002,193.889249,115.169335,198.308539,278.983967,288.307539,446.250344,79914.239062,73317.067976,18.256989,2.521878,12.085933,73.103517,2.592932,91.931566,104.81168,2.793314,0.713055,41.536535,0.048255,0.038611,0.009647,0,10.038801,19.426677,2.599318,4.666349,1.43057,3.941887,0.00671,1.859582,4.290505,4.549942,5.743255,9.651315,9.730968,9.619687,9.602414,9.595589
"92",121.562823,65.639419,148.862252,27.299426,88.303837,60.558412,41.712173,4.696176,14.150055,22.401658,0.922968,38.653605,25.09898,1.226622,207.04829,119.545307,213.668545,257.170989,288.044971,444.554555,79852.781646,73344.058591,19.660648,2.187976,10.895743,52.697479,2.122325,76.198666,86.926854,2.319223,0.583641,29.995773,0.026401,0.021124,0.005278,0,2.83811,8.969156,3.687088,0.034032,0.94541,1.858667,0.036043,0.249746,3.406488,4.216203,5.543027,10.070121,10.226655,10.062789,9.967648,9.902547
"93",87.951632,48.645733,118.142585,30.19096,72.525992,45.616608,31.567805,3.422176,10.626623,17.270101,0.758857,32.305879,21.159103,1.032038,210.71038,122.084509,221.19367,249.600207,288.28189,441.531716,79800.917811,73366.877733,20.660723,2.325345,11.933099,40.513311,1.739603,63.546257,73.099932,1.946808,0.478389,23.097419,0,0,0,0,2.493834,7.332736,3.17996,0.024523,0.927952,1.541354,0.004922,0.752322,2.923575,3.545145,4.955544,9.712409,10.041178,9.926831,9.824915,9.754675
"94",26.084756,4.979773,57.070418,30.985658,36.761967,20.308452,17.087635,1.106161,2.114653,8.565627,0.371733,16.419073,10.87963,0.525917,193.444667,119.94016,209.709038,262.994763,289.691108,439.938698,79774.01078,73378.850707,19.755606,2.663109,13.455762,20.215989,0.854381,32.456662,37.741988,0.993301,0.234951,11.545812,9.2e-05,7.4e-05,1.8e-05,0,2.90348,3.481723,0.732655,0.209783,1.414587,1.27911,0.022426,0.556404,2.211855,2.744046,4.016095,8.128345,8.662619,8.70152,8.693768,8.699011
"95",7.663857,0.047826,37.47933,29.815476,23.633563,13.845762,11.174647,0.693735,1.977384,5.701721,0.234151,10.421788,6.942185,0.333731,175.464626,117.300969,196.879041,280.963675,291.408156,439.35968,79757.267961,73386.266718,18.003964,2.644003,12.849109,13.281281,0.53038,20.305525,23.719748,0.620026,0.14585,7.587761,0,0,0,0,1.663366,1.782246,0.47366,0.154677,0.777688,0.730993,0.004879,0.943422,2.728672,3.427331,4.497067,7.125537,7.626673,7.726053,7.778598,7.829254
"96",3.785251,0.007935,27.234358,23.449103,17.499281,9.73506,7.02813,0.502253,2.204694,4.49296,0.170771,7.548466,5.046006,0.241079,156.612389,114.535725,184.012062,302.778196,293.378468,439.452431,79745.592814,73389.935621,18.856206,2.766381,12.869785,10.326127,0.381118,14.492929,16.976706,0.440759,0.104804,5.899356,0,0,0,0,0.758335,0.833601,0.352513,0.010991,0.421504,0.325846,0.003777,1.483004,3.570748,4.497712,5.355533,6.667802,6.981958,7.071658,7.138418,7.197175
