"","GPP_sd1","NPP_sd1","Reco_sd1","NEE_sd1","Rh_sd1","Ra_sd1","Rleaf_sd1","Rstem_sd1","Rroot_sd1","Rh4_sd1","Rh5_sd1","Rh6_sd1","Rh7_sd1","Rh8_sd1","QC1_sd1","QC2_sd1","QC3_sd1","QC4_sd1","QC5_sd1","QC6_sd1","QC7_sd1","QC8_sd1","QCt1_sd1","QCt2_sd1","QCt3_sd1","QCt4_sd1","QCt5_sd1","QCt6_sd1","QCt7_sd1","QCt8_sd1","QCt8_sd1.1","QCt9_sd1","simuCH4_sd1","prod_sd1","oxid_sd1","diff_sd1","ebu_sd1","pla_sd1","conc1_sd1","conc2_sd1","conc3_sd1","conc4_sd1","conc5_sd1","conc6_sd1","conc7_sd1","conc8_sd1","conc9_sd1","conc10_sd1"
"1",0,0,0.00361339748908713,0.00362063042113727,0.00361435130466522,0,0,0,0,0.000986377414603755,7.69297199928762e-05,0.00161601173863121,0.000852714619449094,8.7015614528196e-05,0,0,0,0,0,0,0,0,0,0,0,0,0,0,0,0,0,0,0.00765353262331596,0,0.00247055610637514,0.00266326506530627,0.00846766129924833,0.00184107868030421,0.000585225502596126,0.0287694164737908,0.0657367759486364,0.0902652284698104,0.0185183897406297,0.00159713885597104,0.000136980423286128,5.01613558049878e-05,0,0
"2",0,0,0.00271518438832917,0.00271702451630865,0.00271556233363897,0,0,0,0,0.000765411357019551,6.27967701672106e-05,0.00120091337293451,0.000631665267448706,6.20442982835393e-05,0,0,0,0,0,0,0,0,0,0,0,0,0,0,0,0,0,0,0.0103079441757953,0,0.00200632434410226,0.00220800563606366,0.010701468604964,0.0014484753391345,0.00123969489566725,0.029512014519685,0.0685815777896747,0.123587131897731,0.0259706559156073,0.00221187680260425,0.000200504414420346,0,0,0
"3",0,0,0.00392226228268098,0.00392350737236595,0.00392488499477648,0,0,0,0,0.00113456439378133,8.74498413233233e-05,0.00172540699341613,0.00090621367917462,8.90806013414416e-05,0,0,0,0,0,0,0,0,0,0,0,0,0,0,0,0,0,0,0.00891239382188442,0,0.00302444184682868,0.00275547187474764,0.00946949296265101,0.00158491754875881,0.000820861213185963,0.0340650590262904,0.0666502477054056,0.095557846138273,0.0252858163619629,0.00267948792786154,0.00026029315252698,5.09604719067396e-05,0,0
"4",0,0,0.00238603915061808,0.00238572861199697,0.00239149566488251,0,0,0,0,0.000706795299899174,5.41602560309021e-05,0.00104115126643342,0.000545204993418514,5.41602560309021e-05,0,0,0,0,0,0,0,0,0,0,0,0,0,0,0,0,0,0,0.00867567270992267,0,0.001091715358618,0.00316965026908062,0.00940998067817551,0.00193518824287291,0.00271255293668961,0.0229624771654924,0.0534085650737063,0.0656097368974878,0.0190812735688712,0.00246570906883217,0.0002785169961989,4.19114024647439e-05,0,0
"5",0,0,0.00897121907642219,0.00898274125220361,0.00898202447315551,0,0,0,0,0.00270379661986919,0.00018936096682681,0.00387769730170317,0.00203035648957215,0.000185893963475305,0,0,0,0,0,0,0,0,0,0,0,0,0,0,0,0,0,0,0.0225219878870369,0,0.00565786651798657,0.00619101752378379,0.0250389555079539,0.00649567214117651,0.00164206663332607,0.0243563248790979,0.0526961348322875,0.0372912262543826,0.00941889670563995,0.00170574637829621,0.000245646950403176,4.72581562625936e-05,4.79372485439985e-05,0
"6",0,0,0.0100939335216449,0.0100928355427466,0.0100939033504624,0,0,0,0,0.00294160181059935,0.000214852545159736,0.00441792537810031,0.00231113488235633,0.000209241052811843,0,0,0,0,0,0,0,0,0,0,0,0,0,0,0,0,0,0,0.025562608820247,0,0.00596975846761124,0.00617467383508611,0.0302735276397974,0.00691885142567067,0.001445540337966,0.022605530989409,0.058972813321997,0.0313718157625985,0.00642329810812633,0.000996821210274205,0.000165217946049644,5.13553671719076e-05,4.60566186470765e-05,0
"7",0,0,0.00649925900982296,0.00650699266446137,0.00650720998725053,0,0,0,0,0.00178782752879787,0.000134911119263781,0.00292337756091054,0.00151976872243685,0.000148864388154458,0,0,0,0,0,0,0,0,0,0,0,0,0,0,0,0,0,0,0.0352770347794182,0,0.00215254043005708,0.00981061906633044,0.0401714659650078,0.00583854926978935,0.00158479995869855,0.0115473060831424,0.0207766326346779,0.0121295656404614,0.00381362403532763,0.000606260270141071,0.000111464085804502,3.45095507201056e-05,0,0
"8",0,0,0.00509969458384463,0.00511717290951351,0.00510998072699959,0,0,0,0,0.00126256873000256,0.000112815214963541,0.00238442251018377,0.00124256008126614,0.000119134081156175,0,0,0,0,0,0,0,0,0,0,0,0,0,0,0,0,0,0,0.0400797444874816,0,0.00180658168199984,0.011876929976074,0.0420917364067743,0.00453344596562398,0.000649645591025902,0.0109666896932613,0.00763712992788216,0.00250093235139672,0.000961184034134341,0.000305610830629235,7.31057073316199e-05,3.26598632370329e-05,0,0
"9",0,0,0.0180023581788609,0.0180004639670844,0.0180079662226122,0,0,0,0,0.00417993040394439,0.000379521229493654,0.00854368329483373,0.00447968376860098,0.000411819073738668,0,0,0,0,0,0,0,0,0,0,0,0,0,0,0,0,0,0,0.0400592871109607,0,0.0159129069016508,0.00302223009505808,0.0425734566141957,0.00549592282303596,0.000772627682233516,0.0173593791491644,0.0159516694291148,0.00821485935006886,0.000900771274458155,0.000133847493495746,4.92365963916183e-05,4.97569851963922e-05,2.38683256575386e-05,0
"10",0,0,0.0147862847656781,0.014783926434073,0.0147917052923098,0,0,0,0,0.00347820573737602,0.000316068014672467,0.00698596710295967,0.00368250724316458,0.00033408400322691,0,0,0,0,0,0,0,0,0,0,0,0,0,0,0,0,0,0,0.024828393163286,0,0.00986626227672523,0.00441304311047938,0.0270248096079035,0.00929999913109586,0.00171498328760594,0.0308052786208645,0.0298708519118453,0.0187401845284836,0.0028993423148338,0.000177169096878892,2.56432399975645e-05,1.96946385566473e-05,9.99999999997669e-06,0
"11",0,0,0.00799150274739468,0.00799223480459108,0.00799421830216226,0,0,0,0,0.00189407875850885,0.000170726315333854,0.00375713126647653,0.001990060148322,0.000183688361475117,0,0,0,0,0,0,0,0,0,0,0,0,0,0,0,0,0,0,0.0161714283521739,0,0.00519223623997572,0.0035397099407503,0.0187181379113599,0.00449860853907948,0.000276111161921016,0.026775932129697,0.0626488433712672,0.0309080845884906,0.00594399314816684,0.000401134754052885,3.00000000001041e-05,2.56432399975645e-05,0,0
"12",0,0,0.00361793665734596,0.00362087103756931,0.00361897622110002,0,0,0,0,0.000905882013411388,7.42572650596699e-05,0.00166501857908156,0.000880780186751318,8.17485674665243e-05,0,0,0,0,0,0,0,0,0,0,0,0,0,0,0,0,0,0,0.010344764888873,0,0.00284173869099162,0.00285248429735672,0.0114646260957413,0.00186497650755643,0.00033050924894224,0.0376647022818421,0.162377426666729,0.0474180617678347,0.00941058269538434,0.000749256196827742,6.03357608752132e-05,0,0,0
"13",0,0,0.00386513802071696,0.00386186888865113,0.00386564040717388,0,0,0,0,0.0010193774095154,8.98033766884523e-05,0.00175357499198788,0.000930678041087054,8.91882585015824e-05,0,0,0,0,0,0,0,0,0,0,0,0,0,0,0,0,0,0,0.00849205516998689,0,0.00208336460582589,0.001755205533448,0.00796602533236994,0.00232721513896552,0.000837454054219868,0.0372995101654949,0.0927415581989634,0.0526401150945903,0.0121304302221206,0.00108308202213257,9.4339811320508e-05,0,0,0
"14",0,0,0.00334266028453053,0.00334049095163868,0.00334161758446537,0,0,0,0,0.000906472238511423,7.1991862615348e-05,0.00149804586516617,0.00079046016517421,7.5852062289271e-05,0,0,0,0,0,0,0,0,0,0,0,0,0,0,0,0,0,0,0.00811813632391926,0,0.00228654629067376,0.00211069881673096,0.00855746682049299,0.00170370333406525,7.56386946027768e-05,0.030134085184372,0.0590585508053857,0.0533517809004772,0.0124558353530959,0.00127132317931462,0.000121651099045594,2.1904291355708e-05,0,0
"15",0,0,0.00164160429046226,0.00163992208487004,0.00164212353279822,0,0,0,0,0.00046013941672962,4.72581562625264e-05,0.000726371221563107,0.000388516993895287,3.56186309210024e-05,0,0,0,0,0,0,0,0,0,0,0,0,0,0,0,0,0,0,0.00706990377543707,0,0.000596542225045827,0.00306479702559253,0.00737097392246483,0.00130814503566823,0.00169818679297608,0.0222072253916593,0.0429085190383053,0.0713678734275847,0.0147670368651865,0.00141009169413152,0.000144568322947829,0,0,0
"16",0,0,0.0024074537032585,0.00241314979211652,0.00240749335251917,0,0,0,0,0.000696960210739134,5.80055727033681e-05,0.00105872230981171,0.000563194352588798,5.63538603447636e-05,0,0,0,0,0,0,0,0,0,0,0,0,0,0,0,0,0,0,0.00972599863741248,0,0.00172377170439965,0.00398791811714971,0.011324000212296,0.0017847872860836,0.00258011040402726,0.0248302821798568,0.0580623786034546,0.0940894003197238,0.0197903388326504,0.00179310548287813,0.000166396751133844,0,5.00908265960866e-05,0
"17",0,0,0.00791680803701504,0.00791619558407019,0.0079156464414385,0,0,0,0,0.00234871553119242,0.000170962811243523,0.00342673682276954,0.00180693501305774,0.000167874411932929,0,0,0,0,0,0,0,0,0,0,0,0,0,0,0,0,0,0,0.0177687194220346,0,0.00433210985058963,0.00454295280649273,0.0191171866194381,0.00686305958510392,0.00114622392791692,0.00639147980841794,0.0552456937944333,0.058939121981923,0.01415708592254,0.00184414415834763,0.000193050995513437,3.14466037734487e-05,0,0
"18",0,0,0.00697608171982216,0.00697855126640033,0.00697942278589297,0,0,0,0,0.00200141465120554,0.000151340808786201,0.00307190116502422,0.00161005019057232,0.000152341986359886,0,0,0,0,0,0,0,0,0,0,0,0,0,0,0,0,0,0,0.0285858094342298,0,0.000998893832641333,0.00965170100672583,0.0321500770377826,0.00681549771410049,0.00154133092167159,0.0164093911273916,0.0398052842032945,0.0343962789272387,0.00863566781354277,0.001336243415193,0.000174295117197241,9.99999999997669e-06,0,0
"19",0,0,0.00677552905236191,0.00679073373402794,0.00678901749783103,0,0,0,0,0.0018272049085361,0.000148732014446229,0.00307239517660309,0.00160935742243002,0.000155085509160346,0,0,0,0,0,0,0,0,0,0,0,0,0,0,0,0,0,0,0.0401098870780527,0,0.00234146871804339,0.010224275726985,0.0428827992170155,0.00574878959592207,0.00150799351604854,0.0137708430087528,0.0161430894618637,0.00993699723968031,0.00335374041146225,0.000763216876123628,0.000144986937760369,1.96946385566473e-05,0,0
"20",0,0,0.007606867975982,0.00759816425197563,0.00760410913635276,0,0,0,0,0.00186978203234636,0.000163481688963189,0.00354305851438591,0.00185320470449653,0.000171964290396981,0,0,0,0,0,0,0,0,0,0,0,0,0,0,0,0,0,0,0.0388620713536861,0,0.00396128983687347,0.0086660060354272,0.0418139361041896,0.00610084436944609,0.000705117656204203,0.0167587438055301,0.0110510756823657,0.00465275371922018,0.0009884683591141,0.000342449583401303,7.70936725253672e-05,9.99999999997669e-06,0,0
"21",0,0,0.018579875585366,0.0185880716611703,0.0185845156302802,0,0,0,0,0.0043445723714663,0.00039424521928528,0.00879184792287648,0.00462961688752467,0.000429286464597801,0,0,0,0,0,0,0,0,0,0,0,0,0,0,0,0,0,0,0.0316153363883653,0,0.0155083715092426,0.00592042142917123,0.0346676605189705,0.00636393119086152,0.0116181854578645,0.00744388264878544,0.0203696496352447,0.012330273617189,0.00164895406089727,0.000173251729042148,5.01613558045423e-05,0,0,0
"22",0,0,0.015583823521702,0.0155835258779225,0.015584441347742,0,0,0,0,0.00369558991887426,0.000320548771876475,0.00733026106443182,0.00387734210744701,0.000363622348214756,0,0,0,0,0,0,0,0,0,0,0,0,0,0,0,0,0,0,0.0182356146154727,0,0.013032142238064,0.00668215859093029,0.0192080758215829,0.00396393781867262,0.000417954373808743,0.0166948129306045,0.0423473574479953,0.0245328161177364,0.00411102680776246,0.000266522688404536,2.87623491263991e-05,0,0,0
"23",0,0,0.0055054187264491,0.0055125839511235,0.00551396857943091,0,0,0,0,0.00133332234843962,0.000113902315049949,0.00257162036722588,0.00136376595343835,0.000131391157859414,0,0,0,0,0,0,0,0,0,0,0,0,0,0,0,0,0,0,0.0124875042188646,0,0.00406782596491149,0.00377322250613558,0.0141785823684809,0.00385325193895371,0.000925213052177277,0.0317098783162011,0.113584286311838,0.0418024442159097,0.00752076344716964,0.000529661603423773,4.85236587092779e-05,2.87623491266546e-05,0,0
"24",0,0,0.00396346687850042,0.00396396444754672,0.00396530610738338,0,0,0,0,0.00102121882022802,8.68936421753991e-05,0.00181109348073465,0.000963526246805395,9.58744970882119e-05,0,0,0,0,0,0,0,0,0,0,0,0,0,0,0,0,0,0,0.0084284253894458,0,0.00198611238963016,0.00214459715790564,0.00868726288100207,0.00256163201609025,0.000503814740682816,0.0344424186435884,0.0993241465347097,0.0643282811252194,0.0134482210907261,0.00103859413525103,7.87785542268517e-05,0,0,0
"25",0,0,0.00249179745273462,0.00249026610074605,0.00249265263759646,0,0,0,0,0.000670130395874369,6.35641726163709e-05,0.00112277569110007,0.00059667343825515,6.69991708074739e-05,0,0,0,0,0,0,0,0,0,0,0,0,0,0,0,0,0,0,0.00624287383641331,0,0.0013507289464836,0.00195213920475653,0.00662169826243902,0.00161102765370744,0.00019816073467687,0.0293593365976574,0.0611722856885668,0.0812324869766034,0.0170271228670998,0.00149808598423508,0.000118509258897557,9.99999999997669e-06,0,0
"26",0,0,0.00326608204416112,0.00326961833252821,0.00326809430770294,0,0,0,0,0.000908200018017657,7.31402416559806e-05,0.00145255747986897,0.000771659630833787,7.9111224605536e-05,0,0,0,0,0,0,0,0,0,0,0,0,0,0,0,0,0,0,0.00890885038327141,0,0.00238974640470236,0.0021301289855193,0.00949505219372786,0.00148663948881259,0.000528114618719318,0.028430977468212,0.0636892006052625,0.115076239546141,0.0246664198185846,0.00209419592341702,0.00018006452266677,0,0,0
"27",0,0,0.00369843865500682,0.00370343875146576,0.00370383966753796,0,0,0,0,0.00106055588625908,8.14700787858646e-05,0.00163019612131158,0.000860159134912667,9.19156398470001e-05,0,0,0,0,0,0,0,0,0,0,0,0,0,0,0,0,0,0,0.0103618676897653,0,0.00278959303356767,0.00212478305487949,0.0110020271777615,0.00167916645988419,9.00953479219192e-05,0.0324875033627928,0.0744955177554768,0.101614651428072,0.0264790355610326,0.00266531329293487,0.000241232106679264,1.40705294135962e-05,0,0
"28",0,0,0.00162322661586878,0.00162151693537782,0.0016234702201012,0,0,0,0,0.000471618746896497,5.02418393795915e-05,0.000713542167108915,0.000379079160731609,3.86122919665327e-05,0,0,0,0,0,0,0,0,0,0,0,0,0,0,0,0,0,0,0.00621111572793959,0,0.000211896201004171,0.00311940472824317,0.00535665205255309,0.00146800077064907,0.000116272059924953,0.0274309206015858,0.058792170122192,0.0656173204145357,0.0201082989802417,0.00256099313911342,0.000282218841942774,4.22952584688178e-05,0,0
"29",0,0,0.00632901120462626,0.00632480087122154,0.00632570226069098,0,0,0,0,0.00192710176485868,0.000135866095695715,0.00270617027841158,0.00143109621047518,0.000133045143094398,0,0,0,0,0,0,0,0,0,0,0,0,0,0,0,0,0,0,0.0200345101000622,0,0.00422175414736672,0.00852059868907121,0.0230739498704982,0.00420168544825295,0.00223739093182622,0.023012232386145,0.0677554489888213,0.0468048756848984,0.0118859351140477,0.00192827342040451,0.000261503037045047,2.24508441722959e-05,4.64823198710648e-05,0
"30",0,0,0.00702454074849504,0.0070284279173866,0.00703024490571574,0,0,0,0,0.0021198017822333,0.000147966007562415,0.00303038884726968,0.0015916508804548,0.0001485825281679,0,0,0,0,0,0,0,0,0,0,0,0,0,0,0,0,0,0,0.0206332054384835,0,0.00208033019912074,0.00797367201824514,0.0234847738982198,0.00665819241706233,0.00180720331960293,0.0245496558020678,0.0475688571728108,0.0382411351845368,0.00803302551906186,0.0011704976063473,0.000186869478567692,4.63190516466448e-05,0,0
"31",0,0,0.00750984431370973,0.00751015978525091,0.00751141219287785,0,0,0,0,0.00214902937921463,0.000156010877631621,0.00332614011743501,0.00173017077454547,0.000170616825108471,0,0,0,0,0,0,0,0,0,0,0,0,0,0,0,0,0,0,0.0347611561919045,0,0.0021150473404927,0.0125445549377353,0.0395036805726742,0.00685837827224865,0.00153769964623141,0.0161083846665535,0.0234606503995886,0.0177325273227627,0.00482743631901462,0.000716965406375558,0.000118167831340342,2.38683256575386e-05,0,0
"32",0,0,0.0144523549861778,0.0144506746897818,0.0144501041903205,0,0,0,0,0.00382124034546081,0.000312687923293734,0.00658045007824859,0.00342691235412116,0.000319360155766019,0,0,0,0,0,0,0,0,0,0,0,0,0,0,0,0,0,0,0.0369921763363689,0,0.0107839903785588,0.00771436178680892,0.040768175595851,0.00801775706060168,0.000902944677656993,0.0198255273408662,0.0237675929735759,0.0137213420729471,0.0027902085291898,0.000413044865124904,8.22904439880715e-05,1.71446607997366e-05,0,0
"33",0,0,0.0117992509178427,0.0117965910158809,0.0117974674563581,0,0,0,0,0.00293505459140802,0.000245811375495973,0.00548493400234689,0.00286477650863797,0.000265030968268639,0,0,0,0,0,0,0,0,0,0,0,0,0,0,0,0,0,0,0.0482353254598974,0,0.00745829421015641,0.00784364086507038,0.050514757069773,0.00795739126583429,0.000921730366586058,0.0221653557142536,0.0245395448946463,0.0122370760932966,0.00217218039692097,0.000281022663451965,5.75159178668426e-05,0,1.71446607997366e-05,0
"34",0,0,0.00982554180272902,0.00983003411525499,0.00982423364271566,0,0,0,0,0.00241112300420652,0.000204837950240144,0.00459378268901992,0.00240850240572522,0.000223550324255522,0,0,0,0,0,0,0,0,0,0,0,0,0,0,0,0,0,0,0.0231562042867499,0,0.00285227111352524,0.0105102133588469,0.0249619535948757,0.0093773147176114,0.00180730168868935,0.0249444387842787,0.0462020159055573,0.0227155519858136,0.00356149497608053,0.000275481213497236,2.6419307295547e-05,0,0,0
"35",0,0,0.00502464391421389,0.00501895236361963,0.00502483478797704,0,0,0,0,0.00124017716231975,0.000102941583905474,0.00233729101588352,0.00122161467912036,0.000117288386707993,0,0,0,0,0,0,0,0,0,0,0,0,0,0,0,0,0,0,0.0163895537992153,0,0.00327464872046213,0.0049911311242032,0.0159620659848608,0.00357392054763506,0.00116234654683941,0.0289845110848585,0.109522188790097,0.0404796623833088,0.00718402232510985,0.000500176736441025,4.13289342721639e-05,0,0,0
"36",0,0,0.00414461741724779,0.00415351670396315,0.00415146791612158,0,0,0,0,0.00108892496332742,9.69014911644803e-05,0.00189154525040862,0.000993743559791104,9.17781690993751e-05,0,0,0,0,0,0,0,0,0,0,0,0,0,0,0,0,0,0,0.0107514238662381,0,0.0025212092256685,0.00269741439983634,0.0106483958577541,0.00237278253738032,0.000101483939118414,0.0414090291598293,0.0986522273218175,0.0629971715254107,0.0129320133659446,0.000994055056093705,7.76940386152668e-05,0,0,0
"37",0,0,0.00283959219578863,0.00284171292062244,0.00284218208246742,0,0,0,0,0.000776729091001571,6.81946115943632e-05,0.00127592272018288,0.000671990860928706,7.34365664565556e-05,0,0,0,0,0,0,0,0,0,0,0,0,0,0,0,0,0,0,0.00687344906289427,0,0.00174143183859859,0.0015328774025711,0.00686518217257388,0.00173950068303023,0.000797812033253473,0.0285892326097103,0.0607289768586877,0.0878857821897894,0.017490558030035,0.00147252926091212,0.000120650593270695,0,0,0
"38",0,0,0.00281204821287187,0.00280671255270919,0.00280465900266184,0,0,0,0,0.000799809952173612,6.82464340282695e-05,0.00124445071246618,0.000657832375566463,6.96020433927293e-05,0,0,0,0,0,0,0,0,0,0,0,0,0,0,0,0,0,0,0.00804177797065381,0,0.00208489032727568,0.00161223228143246,0.00841925516751675,0.00152454132860551,0.000139971136995879,0.0237569654857456,0.0577265382924727,0.11628916806866,0.0245659170150002,0.00211087228845846,0.000187150347382211,1.40705294135962e-05,0,0
"39",0,0,0.00341196276342373,0.00341269170105719,0.00341145589347584,0,0,0,0,0.000986629810941478,7.56386946027787e-05,0.00149391493003512,0.000784573486395975,8.19645156038999e-05,0,0,0,0,0,0,0,0,0,0,0,0,0,0,0,0,0,0,0.00920593895923779,0,0.00271975099127576,0.00255387129391021,0.0100181186866698,0.00152381068046493,0.000728825677845442,0.0299908517196275,0.0605188567240982,0.0818575701379469,0.0224401442900347,0.00248547619565988,0.000244476352371141,2.1904291355708e-05,0,0
"40",0,0,0.00204185892724924,0.00203908154210509,0.00204704739327225,0,0,0,0,0.000603641307634648,4.64823198711681e-05,0.000890131643878777,0.000468406928327319,5.33617348619225e-05,0,0,0,0,0,0,0,0,0,0,0,0,0,0,0,0,0,0,0.00877075282119529,0,0.0012278748990336,0.00286054596752495,0.00961689480323902,0.00137353742231694,0.00343946730665307,0.0235735058225898,0.0513590073930955,0.0568240859001167,0.0161785884190285,0.00215743955988234,0.000251532675548753,4.56048021571006e-05,0,0
"41",0,0,0.00565830934524335,0.00565510263908511,0.00565918400799656,0,0,0,0,0.00176826571429852,0.000121850214392412,0.00240475118938082,0.00125484877756066,0.00012249922696108,0,0,0,0,0,0,0,0,0,0,0,0,0,0,0,0,0,0,0.0333722993308262,0,0.00324606303890193,0.0124769970163279,0.0352716471249797,0.00421462808548867,0.00145905012687271,0.0451013311523859,0.068212095516466,0.0432491253020676,0.0113019058015662,0.00164484962930665,0.000215519105530114,1.00000000001543e-05,0,0
"42",0,0,0.00727913053971057,0.00727881247945785,0.00727449703214675,0,0,0,0,0.00219378921300813,0.000151677488791397,0.00314531814966736,0.0016348907231884,0.000153277328375511,0,0,0,0,0,0,0,0,0,0,0,0,0,0,0,0,0,0,0.0255931571504825,0,0.000539869045101297,0.0077084070594345,0.025571371223746,0.0072715313158074,0.000901661765516285,0.00918820258084608,0.0386652724278415,0.0254542292927696,0.00627415888362493,0.000964597576634169,0.000154906292951291,4.9236596392493e-05,0,0
"43",0,0,0.0034503946487797,0.00345907253874258,0.00345735696330557,0,0,0,0,0.000946817636276101,7.73030243635801e-05,0.00156401322684231,0.000810003117589678,8.08790092756625e-05,0,0,0,0,0,0,0,0,0,0,0,0,0,0,0,0,0,0,0.0388119311032006,0,0.000770477354329991,0.0069770037851632,0.0398818474187864,0.00322622711756959,0.000713570478847625,0.00783761166208537,0.00638772307325593,0.00405111519750228,0.00196712860522515,0.000480289264691416,0.000101005050378871,0,0,0
"44",0,0,0.00675738122426878,0.00677668455333091,0.00677040939931539,0,0,0,0,0.00168531236801329,0.000141435640501381,0.00315226966492459,0.00163216284590607,0.00015562191946566,0,0,0,0,0,0,0,0,0,0,0,0,0,0,0,0,0,0,0.0338681997386244,0,0.00527433120850119,0.00415023657595126,0.0349893427353316,0.00321113655576931,0.000767692988930161,0.00659040502426356,0.00194407959058921,0.00215314545573107,0.000417944706603344,0.0001928494466961,5.7770007247344e-05,2.1904291355708e-05,1.96946385566473e-05,0
"45",0,0,0.0047759552431786,0.00476717511592106,0.00476427562408153,0,0,0,0,0.00108187034081885,0.000105619863451687,0.00228139687848751,0.00119887320834883,0.000118385605185548,0,0,0,0,0,0,0,0,0,0,0,0,0,0,0,0,0,0,0.0297244336456652,0,0.00238319431677636,0.00814447045484842,0.0316945583067918,0.00345204316603979,0.000651936509271579,0.00818323458559195,0.00492084988963934,0.000984575999600775,0.000169622277934654,6.49708559370465e-05,3.45095507201056e-05,0,0,0
"46",0,0,0.00834507845040694,0.0083499041910674,0.00834912104488962,0,0,0,0,0.00184464170784005,0.000178871321052192,0.00401325216368149,0.00212156698330428,0.000196730857526277,0,0,0,0,0,0,0,0,0,0,0,0,0,0,0,0,0,0,0.0225131015503005,0,0.00593831345304933,0.00600187605350328,0.0229296882894318,0.00452506766510042,0.000489991754208088,0.0119654154828308,0.00992622788374316,0.0055850351092645,0.000711216769297036,5.02418393798983e-05,1.71446607997366e-05,0,0,0
"47",0,0,0.00797539803002801,0.00797791465373129,0.00797854344824647,0,0,0,0,0.00174844086389717,0.000160252326288289,0.00384464405098672,0.00203935496833405,0.000188626079797586,0,0,0,0,0,0,0,0,0,0,0,0,0,0,0,0,0,0,0.0124793111617071,0,0.0043205059561551,0.00297584127821551,0.0122362631699239,0.00614748786665798,0.000657270142638505,0.029055969587795,0.0169808475297402,0.0102241087137168,0.00174268920251597,0.000112326184468045,3.1446603773728e-05,0,0,0
"48",0,0,0.00316465629965539,0.00316705436223191,0.00316957936220782,0,0,0,0,0.00073359774847368,6.64466064983799e-05,0.00150590890035273,0.000804592876534261,7.63034876150556e-05,0,0,0,0,0,0,0,0,0,0,0,0,0,0,0,0,0,0,0.00631062147766315,0,0.00206017161195544,0.00113113690907454,0.00695251389750135,0.00190528875830548,0.000448413589752527,0.0114821633744506,0.0237275634797775,0.0106788613530647,0.00237153660283493,0.000207483722131373,1.40705294135962e-05,0,0,0
"49",0.10344342219276,0,5.19291335888564,5.22167432680778,5.10330903326202,0.401876172300158,0.231324900728326,0.0490299857127238,0.163836178029497,1.59818117188278,0.134230641867502,4.05527867169782,2.14450075462375,0.184610784398316,1.14090929690694,0,1.44903156795855,4.37568617452374,0.318540103299567,7.7436646067175,8.09405204901649,2.30677178751692,1.14091930514809,0,1.44904504915332,3.56805067426462,0.318563960588543,6.50944270222781,8.28935568221522,0.367338448053266,0.367338448053266,0.0876029331412453,9.83792107006492,0.888345424549016,0.0630007549738313,0.189321672080066,9.87891779219385,0.110190702205428,0.0141205506445411,1.03399119366744,1.02932599803626,1.15090287401595,1.16471577442219,0.924650791663665,0.890289209314149,0.881892488064186,0.884442810528159,0.887874457302553
"50",0.0587982550675605,0,3.35754360201823,3.37349732626291,3.35752123039972,0.000166047334130112,6.74499440288496e-05,1.4070529413629e-05,0.00010770329614269,1.07326281009185,0.0890086470149633,2.48937765067756,1.48307585758024,0.121729073143949,2.01484980967703,0,2.38855928793463,7.30165617278122,0.524801542922213,12.4758160140836,13.6646406474492,4.50985370569445,0.873970526255683,0,0.939567523715141,2.35470481034237,0.20616361625092,3.95095372422721,5.56951873838732,0.237447109421714,0.237447109421714,0.0566954652667934,0.842289942863795,0.507238863700806,0.0553557247502574,0.182786683584882,0.870052542169933,0.10101254557047,0.0132268652233386,0.961426927984408,1.26142308039473,1.44355292571642,1.49536291597584,1.35364830596332,1.30478050029517,1.28730715759054,1.2861351476341,1.28657410454307
"51",0.89196206216544,0.0329038748600842,6.40169292342536,6.6852694282413,6.40302982667486,0.170020134588985,0.0906746524112389,0.0187251358102181,0.117749386234434,2.26481932665609,0.183882031822777,4.84332846824622,2.76472115624741,0.246166074291977,2.6671828085592,0.00433133695271682,4.00536890101665,12.8682374812958,0.965472871052514,21.8971654792726,24.4296386016869,7.39743331862643,0.654329151775799,2.97294195005249e-05,1.62014861146854,5.04953614938676,0.441053289658043,7.8124761023257,10.9051845736572,0.496238390960057,0.496238390960057,0.121288653345245,0.9625773884061,1.40317653595927,0.0497534192520748,0.366183873578134,0.694236837808033,0.107260422836528,0.040278674458845,1.33032059859663,1.31090870274336,1.48758444801998,1.5649835750295,1.52034647206059,1.47549245690339,1.45437890596681,1.44979183330929,1.44746149882119
"52",2.04569816127439,7.21087119310661,7.5068986382541,8.04011241365078,7.73258594020072,0.956481428487461,0.861316024347028,0.234306419455336,0.405774120645783,2.96015016166342,0.25070357226708,5.99924613477865,3.41358850595837,0.335136722799348,7.06747294348732,0.289001428696968,5.45643471972405,19.7372483520023,1.5605291718277,33.5770412417894,37.8420163893609,11.0778148793305,0.58233528511841,0.00182602842200766,1.69790037440661,6.51575205432794,0.596359931397782,9.64971532106392,13.3866862776162,0.67087837603346,0.67087837603346,0.163995793540535,1.40928037264815,1.80467654376264,0.138179140790117,0.399542561087304,1.05540363564722,0.178412477422405,0.0247820807492556,1.45577505097679,1.33280060072311,1.4436845489188,1.52938095971487,1.57707359624839,1.54675780411051,1.52757987788667,1.52169896658739,1.51845588661374
"53",3.54313192411001,4.21002211226168,9.32956702280124,9.63873560409599,9.54113944142327,2.9180058541164,3.00602781676596,0.683770418293548,1.15778712116841,4.61642953686115,0.400348602998977,8.67015675053592,3.6173334733712,0.540683948693456,3.86308236989806,0.447320548731189,6.69075324890413,29.4064398652826,2.5331626812241,50.6601311992919,53.3545053588217,14.6967246515275,0.93978426345055,0.00440365997916746,1.57330635935114,10.3404158769468,0.995125255026175,14.3658244076494,15.1391948149986,1.12170219596798,1.12170219596798,0.273659610913731,2.4246583531529,3.17153370943966,0.0644777911494737,1.01980078663592,1.28123141846255,0.559146008040003,0.096315308767767,1.39105488804415,1.31557237976287,1.35734424305165,1.35494534370031,1.53204962019887,1.54209487936562,1.53296631351202,1.52578427717312,1.52047440887256
"54",5.30885148224514,4.02282085051238,12.6421876486967,12.9267547023949,13.1649975761787,4.22203274405705,4.69184936639923,0.907720963227036,1.00890202062,6.55428319913163,0.633359183104842,11.6712789642168,4.14674360052328,0.86855855050512,4.91027643758948,0.742355318869296,8.05632028950782,42.5704015111824,4.13699088418836,73.4074277743775,70.6490259888439,19.0372563238021,0.723628763257889,0.00669895898742122,1.63317963005428,15.4886330837226,1.66232304242976,20.3868932804099,17.1470017848948,1.8854925987485,1.8854925987485,0.457139095436791,3.42755691878326,3.97793747585024,0.219311825647152,1.36402231588539,2.18087126407861,0.907201129306033,0.105607844424741,2.09315595029456,1.51709233552912,1.47826696270814,1.31163712202065,1.38197588008159,1.44377471972366,1.46006432682248,1.4625496542637,1.46506554713088
"55",5.40352502304213,3.10633007599877,15.0192586535539,14.9691496111878,15.5981960167361,5.04054488239009,5.25128505357835,0.996462458658203,0.82417510604865,6.63812967346651,0.818555223218682,12.4602589792375,5.23408265897799,1.15614453204117,5.81663551886034,0.998724632302456,9.44662772590181,56.0984385614476,6.31432155915928,96.4879166589872,87.8430564007115,24.6570709389904,0.832517405387862,0.0102056575219113,1.73832848268709,16.4712839037557,2.24728776676183,23.3162584398414,20.2321743849254,2.59283089242202,2.59283089242202,0.618003489402067,4.12410853261794,5.16176395951975,0.485826312791938,1.98117836274427,2.96690288449015,1.47404839168403,0.125028499680366,3.11818817954701,2.09593649934917,1.91263268264616,1.52428296668607,1.28281798777283,1.33349272461079,1.36478785585374,1.38816840511102,1.41113918594592
"56",5.22667727757223,3.75532988098868,12.7881977207892,13.3091634517969,13.4592764045741,4.29633545776543,4.20358168934168,0.876462182324745,0.928608969196791,4.86888545890436,0.818647243918128,10.468693518202,5.51338845093652,1.21488176180884,6.67061517033671,1.23941954378416,10.633814817638,65.3779359278363,8.51414549846105,114.731105007329,104.906107137125,31.1768327699302,0.940328224699044,0.0130588580564065,1.84922954651963,11.4526740274459,2.23639370964086,20.0145602959632,20.9438117465891,2.70898035684214,2.70898035684214,0.615008651340152,4.26364442550577,5.27361549694047,0.701314446406449,1.61262804071522,3.04244264844131,1.52171861668565,0.106821617619792,2.92145021654339,2.3358356882082,2.21374000798776,1.8091534855891,1.49871847388987,1.44239639347094,1.39863774955627,1.38642997240205,1.39177622191859
"57",6.0395854606378,4.06671740431389,12.543575544078,13.8806299142782,13.152252395866,3.10903299285657,2.94124237495884,0.603029600656284,0.882596550302034,3.80800439061796,0.806222147933299,9.338255814803,6.01315069826287,1.26495318804869,7.45545898616035,1.46663769795462,11.7213912618956,71.8898388193533,10.8393581820821,130.433821449743,122.242806818298,38.7840796254246,0.999662441954051,0.0155553822897998,1.97007366671755,8.93887881786162,2.35308650838391,19.3942915673851,22.9878457722775,2.97050292845141,2.97050292845141,0.647096392153738,6.00644025240248,7.56854734216347,0.51531498883026,2.69252229760611,3.22547191922689,2.06941903116905,0.0963552166609457,2.98445899001914,2.54330640608864,2.46808883053858,2.08590160399756,1.96626607119364,1.85242615590523,1.70274245312547,1.59096576993696,1.52411201586532
"58",3.53435094836965,3.62294558733246,4.92746539417241,5.86274843882185,5.34330180826973,2.1402537169941,2.56420013345746,0.708405197352732,0.915809947938673,1.73085126415801,0.494892080507958,4.52091542718927,3.98836407176343,0.82374955430714,8.43265405329074,1.89595595987588,12.7715260341066,73.9185203945471,12.1145580950809,138.731067975617,136.830432170976,43.9536730178083,1.04017797505907,0.0162562334897333,1.82992715598907,2.65433134247696,1.27602224217458,7.50048536604085,15.6550268467133,1.75626066322253,1.75626066322253,0.350901855251852,2.98776460124548,2.75136501370454,0.484643749300828,0.546772517970756,2.65893783726214,0.71124793912467,0.0253400034879176,1.10851000093173,1.63697650842717,1.76708519214753,1.57013706359018,1.446454020253,1.51786937530204,1.47275346720201,1.41039803726688,1.37402435632589
"59",1.5759016026992,1.52147529398312,5.5144644072241,5.84540549299934,5.63455466089783,2.18655388437901,2.3424238501597,0.665079626085737,0.628500785052908,1.46621893859338,0.393278083402633,3.74318588674923,3.78603057756305,0.673782054109038,8.66654693094276,2.41325533380962,13.7490958015675,75.3667326619147,13.133400685417,145.128527851434,151.184589888592,48.2752239558661,1.00745653425251,0.0255001463850027,1.92653270665963,2.34715395569471,1.02763460745706,5.96821726772947,16.0723629944118,1.45908266354223,1.45908266354223,0.282600603806356,3.17747504953353,3.49972981677157,0.22811546369939,1.00663640266519,2.33461486807706,0.702532304875683,0.0765958475019727,1.2983173953116,1.43313908854907,1.50707269405147,1.37303166740169,1.26287914103753,1.36537728781454,1.37905445963434,1.36949390782681,1.3655968032259
"60",0.624387562679049,0.787802539598585,7.72867129810242,7.86575454832844,7.6813923029367,1.56958718840981,1.72530973417511,0.361028106713832,0.728783743980962,1.47026751126652,0.319255620195264,3.86750520709985,4.19462863153112,0.553371856705723,8.51763333027989,2.46200280725783,15.3585577957808,76.370639285285,13.90487717287,150.000505582192,165.395337259939,52.0165482813811,0.998213051395221,0.0330164078584995,1.98784442120203,2.94623746012408,0.801247657208318,6.80640008223239,17.5046880931043,1.15916214140066,1.15916214140066,0.22034685524684,3.05382248759359,3.39705626705823,0.202341749952246,0.816287403550955,2.35912633068715,0.582765113706659,0.0238287500572927,1.09284361033105,1.24672874587413,1.31423440843025,1.26806514268189,1.30301287421836,1.36882403011682,1.39016763503761,1.40277782347035,1.41371843332083
"61",0.312053488893015,0.00480434357344655,6.35394183975633,6.43134770532325,6.32114774903468,0.254025101368452,0.165270170421989,0.0412746268819286,0.106580847536582,1.07678282119432,0.179279452658286,2.87687949693726,3.05898876463739,0.306981621790575,8.24135718758197,2.43793799247966,16.4832596658814,76.9477181813185,14.3023270875126,152.547763966715,174.918976660605,54.9215634102255,0.706560252407265,0.0248519510239532,1.30700603646833,2.35820485992047,0.431380874523953,5.23041080361203,12.0413828429932,0.620422215027799,0.620422215027799,0.118630338544709,1.72372581094359,1.67662428323411,0.177015389763521,0.352070999627615,1.67916467390934,0.240860632270568,0.0636358327366022,0.464862035850151,1.22098603118897,1.30758067875197,1.31041005619029,1.36565697071986,1.39816821148966,1.41104996736473,1.42508787275548,1.4374412502563
"62",0.991708250757859,3.62344773702624,6.16312380639932,6.2448090475941,6.25787841533262,0.885609232667466,0.0724322385112981,0.0160327190709524,0.90365776813074,1.09362451813345,0.170603076277521,2.84124586375094,2.97987180028272,0.287188402728272,9.30945139966683,2.41676190744387,17.4542149478676,77.6886319711016,14.6745187283269,154.834114215792,184.087777197704,57.8406168523094,0.681302540634297,0.0240188309962047,1.12474471717997,2.36072176147252,0.404408380329597,5.14782441715906,11.5458464312831,0.573225416037983,0.573225416037983,0.111214935030046,1.31058478260622,1.49675441657419,0.258659023871782,0.609073955221608,0.847401200507299,0.18273766696629,0.0345484158007778,0.561159135119694,1.18923929794545,1.35928639525237,1.39983143686927,1.44848052101804,1.45376634695934,1.45610245871184,1.46568395073785,1.4745327974335
"63",2.40093767105414,3.18742974753226,6.27826288303291,6.80794170971282,6.6125251538057,1.54486062917493,0.870082228785582,0.219772492674501,1.65385402607566,1.38882315850507,0.24119013430248,3.23410982123631,3.41609573925092,0.403669184582894,7.98829754446396,2.58742225984832,18.1272925015162,79.2755428709125,15.2333412240029,157.849042169941,195.184860512326,61.3652681306684,0.806325735749717,0.0267536584678459,1.08816089444391,2.66477126980531,0.580176249614866,5.76365994588236,13.6380541117205,0.812584465524115,0.812584465524115,0.159546511960581,1.64563398272121,2.3236796332,0.197959544545767,0.486398603512582,1.23806221940995,0.374948776314307,0.0460844013904396,1.14475541404434,1.22707835208702,1.33641082157366,1.36983200260086,1.51112414089343,1.51461259108917,1.50915556204137,1.51082527155716,1.51245566214135
"64",3.15309443441557,2.84385418708662,6.19789288341993,6.59361431748571,6.17422234184978,2.78168030087241,2.76185455570504,1.0489417107237,1.15363608705368,1.78864814677047,0.323440919464187,3.43682356365995,3.69037200493378,0.546966406439863,8.6320294390406,3.78708130669666,17.4933323383742,81.7658705165342,16.0110128737535,161.604534753169,208.007662586759,65.2728799175836,0.599794529372898,0.0331760187667556,1.05874248426894,3.03895839037046,0.785243716172813,5.83469188965822,14.9107127213641,1.10923463218946,1.10923463218946,0.215947471566021,2.30803180988268,2.93333343331594,0.253871516943417,0.565900048803995,1.66874776102176,0.491047135547386,0.0396875357758528,1.31663974245544,1.3030518824415,1.36099356011917,1.34231039018815,1.5104273635179,1.53047098062701,1.52448080755417,1.52101536986736,1.51814168379129
"65",5.26120989421644,3.09291878680784,4.46984283906667,6.21950451242677,4.47765526463349,3.29846081233598,3.49066216833793,2.23351549532335,1.99805682930373,2.50632436534423,0.435473770186221,3.34354623605875,3.6459582145551,0.732812032516531,9.28655967772623,7.16841998551898,15.8338690392047,85.117650501624,17.0428048461939,165.910360469959,220.301765234991,69.8276971295217,0.696408230083679,0.05426262534278,1.03332883700439,4.39310933176129,1.03218541955132,5.20579811112901,13.7839720859103,1.4500494534496,1.4500494534496,0.283846051265808,2.17181795131069,2.31161136163749,0.967906422150093,1.59503420391305,0.609884297418267,0.608255530486716,0.313597881671559,0.0427247719287492,0.160456273146048,1.23340370630146,1.26161119021222,1.37294559362509,1.41848564674843,1.4244193535496,1.42541002805927,1.42687120680852
"66",7.40339273363881,4.14084463425207,7.12279798034112,9.48344502010448,7.40350253352411,3.25743597710676,3.20950210680014,1.25967903525365,1.35743105241913,3.67271693965644,0.614425306338937,4.84726210558147,4.55344734976499,1.0567635374175,10.1082898300713,8.62400854952696,15.5324342788115,89.3392775777927,18.5822551579784,171.689476425292,233.36034350018,75.8734782494462,0.79390346210762,0.0878813138743546,1.27896276939202,7.46205302513661,1.55963275826896,8.99512175200727,17.180787246798,2.20707032618772,2.20707032618772,0.428904447566616,2.43327371939513,3.10235221603274,0.940552845036934,1.17776113211389,1.5387772104033,0.932217101332175,0.0595074335310686,2.48914693789729,1.44830696293565,1.52293803128902,1.31447925265352,1.19577960750138,1.2811345957641,1.32112689750994,1.34512982632747,1.36733498759411
"67",11.0272047707504,6.02595926397464,12.4737346045905,15.976407421597,13.0189269440577,4.56661842880728,3.7928279613096,1.02258761614738,1.52458801715895,4.13832423159289,0.74517090309756,7.19067733964112,6.27469984379912,1.34125950154466,11.2310658225289,9.55721511577335,15.3440148510034,93.000572509565,20.6685965316212,178.842277395103,246.742214986572,83.9633266179153,0.946468484065525,0.102914616252425,1.56523164269992,9.64355912008537,2.14172996634105,16.0311078726859,24.0477133022476,3.09551269051761,3.09551269051761,0.588975555455608,5.26786266249991,7.45698578170459,0.589228610134479,2.8493383939668,3.06722846385887,2.08582961071618,0.382697318552499,4.33262743067417,2.75493688518219,2.46918424656686,1.94697424715009,1.55906944858499,1.48999544396937,1.46347638611049,1.46762829068542,1.48627252673535
"68",11.3599819584621,6.85868925194983,14.4792411467498,17.7626868742265,15.0901304366894,5.14376490228459,4.02354734643712,1.14546642700251,1.79729208232718,3.57996585454852,0.731414510082755,7.88693408888704,7.225542208908,1.41831510306804,12.6978817893632,10.8455372316407,15.2015761137437,94.196856656157,22.8944666279352,185.918364329436,260.430949694585,93.5324969519071,1.16275619728264,0.118381027737906,1.78531708782637,8.18657086506822,2.28628792385355,18.9146652491387,27.7879895119535,3.48977281344583,3.48977281344583,0.628726421807441,8.98560773585418,11.7739403797436,0.411057003222156,4.83383401971202,3.72499976886434,3.12991011142412,0.09102778949088,4.29312469636327,3.4559437881763,3.22832201831077,2.69463461846112,2.5324487118344,2.23824550175721,2.00027111070151,1.85886903030153,1.78142338964315
"69",7.08278027028813,4.97369862143787,9.96770179261377,11.7724676147142,10.4278005986282,3.63147086122069,3.24775200490938,1.16333893555827,1.48050582447147,2.46487384943987,0.596356666700542,5.71294419277076,5.81887383875414,1.22608086823237,13.7410899734122,12.1970948360128,15.4396889981304,93.4112113629369,24.6697888021406,191.138809329174,274.847728414346,102.107869444403,1.36013788867938,0.133929823516918,1.94285624536468,4.6546226889465,1.79942123820439,12.8095731281467,22.2798567079432,2.94937494600076,2.94937494600076,0.494841220648124,6.7523843192299,7.73693224461959,0.373096231173891,2.63406853595193,3.78397587676179,2.1885074675251,0.149812830241774,2.96976902821422,2.72797093221336,2.73742244636033,2.39410800826263,2.5590126811254,2.4282477724541,2.19222832516957,1.99093496022179,1.86193504373322
"70",3.50153593008161,3.61822676323666,5.9187819604518,6.81865024243587,6.24369219998597,2.09292516100569,2.4384452758239,1.53649083675705,1.57405042818863,1.59589902359584,0.420850834799594,3.58597961474302,4.14447030793472,0.895878302648052,14.0060046269217,14.2857972737077,15.4200787586875,92.2276878009906,25.8046712575887,194.264246974691,288.330441495654,108.353572276585,1.42463720721374,0.151621474222666,1.95140063961812,2.63923262138789,1.14177058748395,6.91568790154492,16.4973576536756,1.9880016123144,1.9880016123144,0.313988287208361,3.91476430519944,3.90660812557997,0.427582945671706,0.923630171374743,3.04010777579687,0.959873669979124,0.0252762883255266,1.7647301670914,1.88289739259724,1.96961699339791,1.75900021008836,1.84007646490519,1.94281616541581,1.86329487202784,1.7506067820711,1.67615100513533
"71",2.10099667270517,1.71320571826237,6.24386672168631,6.75100164923478,6.0644463834747,2.17739120822153,2.4210878294515,1.17156081556903,1.12668956584717,1.22789434959062,0.28785159098979,3.15381003044017,3.39181143482269,0.619366788736609,13.6122598587122,15.491734566623,15.6096213793193,91.5359443941775,26.4966851233824,196.051581627304,299.008195778332,112.511709033347,1.38504900226919,0.150972178800325,1.67558651237968,2.15963185366503,0.707902086763731,5.77947196782306,13.2732804173412,1.2577667071826,1.2577667071826,0.194669534785845,2.31997648339592,2.28008934472385,0.669360965184803,1.48027493590982,1.0995455467592,0.724439090370312,0.196889156374798,0.031507335220981,1.08833351484476,1.46505633399325,1.38913215138631,1.40128736422706,1.54200976412524,1.54899573856252,1.5199650315874,1.50091309579714
"72",0.405790091244877,0.545783283649391,8.35577507113796,8.42272996214428,8.14840802556765,1.51805617021748,1.57323287468188,0.391313938469363,0.693962855824169,1.31358312861302,0.203413314312004,3.87943871631092,3.6315109092791,0.436801579920691,12.6582799966103,15.343785494143,16.4702126332545,90.968419123119,26.9503102415089,197.290511948302,309.642061035122,115.987586353047,1.45389600793659,0.193373728266894,1.84159619924393,2.93856354411591,0.497005541723672,7.43168391051164,14.4088869092423,0.886931964898997,0.886931964898997,0.136676887481817,2.3148874752887,2.31145479911997,0.300829141364229,0.692553890124272,1.96003608746901,0.426527394864265,0.141727572804057,0.311340311738026,1.11416838339479,1.25373899203361,1.25021221328924,1.33209046544607,1.41245904226629,1.4354358205226,1.44415177301768,1.45200039018416
"73",0.515523140727216,0.0152649178236116,6.5538580654062,6.65730607432492,6.5320511999348,0.227110617098783,0.124545823363017,0.0393255718587817,0.109696057975451,1.04305544457646,0.128153007898111,3.06465020185029,2.74034051943192,0.262908295128691,11.829599572086,15.1917069342382,17.1544301674946,90.7962468703304,27.215947909872,198.018224565489,317.150366688103,118.387354412874,1.09224336298457,0.154059669258113,1.32080835772238,2.41727030418318,0.307922297531653,5.88193041645034,10.7130691578605,0.529025080823588,0.529025080823588,0.0846773185616306,1.36596042273885,1.54619709230699,0.284260643975087,0.932552346191826,0.48487872583948,0.127697455200354,0.0227947517218461,0.899457352714694,1.22823114147661,1.37899603253727,1.40015540477268,1.41597860241637,1.43818183997165,1.4477021433341,1.4585555159427,1.46790828326458
"74",1.27658848522541,4.10968178052852,7.30554239674968,7.58352959867527,7.47441502024909,1.02387860909022,0.257902212842172,0.0726314433049878,1.09064331460886,1.24118239341209,0.157631594074618,3.55244995641875,3.18393641187519,0.325810558881673,12.6096272630089,15.0399163529233,17.8111477297792,90.8653425526695,27.5531866333043,198.86192549727,326.26799011385,121.422004149936,1.10649110782507,0.180052124933113,1.32009647286121,2.78509357873267,0.381501278013931,6.85608268897036,12.5717398015224,0.655730192266991,0.655730192266991,0.104914501506048,1.62236856016788,2.01894343580718,0.144270529047048,0.34409170861175,1.40939675922006,0.263721574514954,0.0260166885058049,1.29135750661813,1.33020890696222,1.40257326432129,1.4340407666169,1.51219250796666,1.51266601147568,1.51182668630042,1.51756691363964,1.52300813068092
"75",2.13578974091387,3.66178377032977,6.86037072615333,7.19571386898387,7.17046099021513,1.28229426806412,0.838233919380503,0.194344392665716,1.11630065833945,1.25525403162632,0.165251777352565,3.46995460104788,3.12469464693784,0.339699241122485,11.2787109513764,15.0550115786568,18.2379477987738,91.2859867732466,27.9113395352059,199.666792329227,335.239195018847,124.581866593345,1.02868014224122,0.161554357350051,1.13217275744607,2.64956731272592,0.393251008450677,6.53984179126311,12.1062541845903,0.673277396214618,0.673277396214618,0.108145276864414,1.62011302498195,1.83884845635479,0.213910218915707,0.596273747365226,1.28742003478259,0.296418203701896,0.188312752160502,0.505654343681371,1.20931845991488,1.36772791926884,1.4108389150363,1.54462832884866,1.54511601649988,1.53950595593476,1.54149220737504,1.54395766407651
"76",4.41719004545968,3.65888909716495,6.66840713887727,7.12705052274761,6.32143675652709,3.2779756538084,3.37655943294548,1.53808613715359,1.50195312748017,1.55749739765822,0.244141880448416,3.4026221120379,3.30790485657195,0.505486227605649,11.6943964563132,17.0093159553792,17.494386294601,92.6948140452957,28.4688307466115,200.634138057764,345.05214664043,127.901547878143,0.916060505409832,0.155774079559554,1.08302514188898,2.64631183809761,0.573177640414128,6.10551183970176,12.5310975471431,0.989223169372939,0.989223169372939,0.157625675163366,1.41694809549869,2.0108588592274,0.635792772322377,1.26191212105625,0.26788444308596,0.468488974783761,0.227758751233924,0.132791901450763,0.844324199053344,1.19644854170393,1.30081763070716,1.50149992361544,1.52755325237202,1.52538479623002,1.52388749943304,1.52276035377378
"77",5.81534333106808,3.80199749666746,5.73020351408246,6.89800351144409,5.22596631234344,3.58477909811002,3.67168085834146,2.11375351633873,1.78529323679684,1.9947211211079,0.319675144634314,3.24878138668326,3.4704740309319,0.666994182598471,12.4227097925574,19.7886157353333,17.1543329736544,94.8752930288356,29.2102792510683,201.784188717524,355.772189717587,132.168725794272,0.989621478851915,0.180288404404239,1.19524333905974,3.26778731425209,0.75152456864481,5.73609425268024,12.9685992319074,1.30644697561784,1.30644697561784,0.206670411156205,1.66772217286291,2.12407757830204,0.978462990259765,1.51280418284433,0.149377102659644,0.546958121680927,0.259611777923043,0.0395358175288784,0.103875103418004,1.13591876065326,1.25681899398739,1.42073562178403,1.46638504734837,1.47197103886852,1.47338349125646,1.47479925211686
"78",9.82664940330398,5.32781705077609,6.13019508261797,8.81138505819452,5.60929975066983,4.10979775616474,3.69926940246246,1.03654578349819,1.3275715521602,3.18819951086595,0.48114030133705,3.65749299968205,4.22580123904212,1.013854787189,13.5359544132535,20.2423403435547,17.4842806778689,98.2201663036899,30.3571790449929,203.470459646761,367.145033197553,138.398769881778,1.10477180713229,0.199922429146301,1.38428999210367,6.00026035457107,1.16805992320859,7.31254357849841,15.5079065402717,2.03006692671956,2.03006692671956,0.321214776084083,1.87516559559766,2.47627080497565,1.43684154620227,1.73455061844691,0.563312310047016,0.82696722830955,0.457510421677402,0.497966806471551,1.42809929851116,1.15377412803207,1.21626362647863,1.24353919379976,1.33497365785837,1.37234435854685,1.39235760000762,1.41031556948447
"79",12.1890899690589,6.4945897510842,9.39150951338167,12.5691366707175,8.97902099680216,4.82627510029341,3.97100725463803,1.1492447430457,1.65009158959266,3.62185593498999,0.581688369048985,4.99468310872439,5.22806314702412,1.2492217683519,14.8774981611493,21.1212859111874,17.7926568299584,101.115062899217,31.7514506554709,205.716117250015,378.215781851471,145.551757004229,1.2914170447656,0.202434175906015,1.55683224066913,7.17493445551528,1.43776314874983,10.9487480035662,19.0719857787134,2.53433471900508,2.53433471900508,0.395385711358497,2.58258939260248,3.06415186248573,2.06895543958806,2.66844793062552,0.440136522753584,1.30610440199399,0.28939378034265,0.0718698819767609,1.5436588275319,1.73180371099766,1.54170132010554,1.27716349145205,1.30967190571424,1.33402339193634,1.36181774771662,1.39328137711017
"80",9.61591235947321,6.31166689645205,8.73901684551997,10.2111690697772,8.17131028251296,4.57027775305845,3.73646139078396,1.31421854702805,1.87666748716705,2.87943078593827,0.542274501869466,4.75113733545374,5.07472491850832,1.21961829018283,16.1247817246984,22.5314177086075,18.1209114317393,102.266239249459,33.0450202782642,208.008547149575,389.168871115101,152.703577595113,1.50352236375758,0.210865256921968,1.71224484120624,5.19502368457002,1.33161729941451,10.4361350307818,18.3959505857576,2.46037869259054,2.46037869259054,0.366192517099678,2.72559705824803,2.96808382726988,2.333345267579,2.74402192488296,0.0865723186857454,1.39894909258213,0.543736694183885,0.207213803009297,0.731915599463752,2.21013892187593,1.6478111266373,1.55302864765053,1.50346262921076,1.44227326556714,1.41647295135317,1.4167694432348
"81",7.17289170630611,4.84985592344325,7.054915319746,8.31060141651449,6.85562827674938,3.42473999104437,3.10874604881961,1.43442239699645,1.76957862355689,2.34429164466981,0.478700952257168,4.14296268174398,4.66588390387755,1.12448218598472,16.8594777759081,24.1747419677274,18.6273298173716,102.508687982197,34.2328295585478,210.011190241179,400.884863725533,159.746351675741,1.64269603082121,0.240053116336002,1.88582554665032,3.83676609023376,1.21971846520193,9.15885734409588,17.5464799461759,2.34472987960385,2.34472987960385,0.335424940195345,2.88294314907299,3.35271553340427,1.66801776429117,2.36819172198639,1.34662471731993,1.42209957352543,0.121751535779416,1.43008820398879,1.20950551799677,1.59166785730274,1.60499544216729,1.66647281320383,1.66910201189294,1.58570150132108,1.51442478689155,1.47683462439404
"82",3.76667714133419,3.31662624800878,5.83555626282724,6.7853667845757,6.08456459902664,2.20431066745377,2.47955684947814,1.75650190622289,1.86683984848674,1.64308520650432,0.338889617431739,3.47362915882894,3.89290610641584,0.84359883943912,16.7639372666982,26.1889020505934,19.0642400883826,101.882649357732,35.1036371829763,211.43191808677,413.268839043982,165.644946155123,1.67328363045193,0.296722899505429,2.07588757462922,2.53610024950342,0.8923343690302,7.1365824671879,15.6134563682502,1.82638989775519,1.82638989775519,0.24538927865699,3.39742048075322,3.36782072309814,0.463977720320206,0.911947686592722,2.84140993459233,0.86196355598685,0.461629582226777,1.34524171285462,1.52307287494557,1.65822626707795,1.51490557914387,1.43944456482634,1.54196556118802,1.5248541555377,1.48526917344699,1.46290912904888
"83",0.714108345181301,0.630879824846206,7.54181326193201,7.62311124656131,7.38438829111461,1.43095980034452,1.65958533404394,0.382863840190286,0.78702442170982,1.32151986704321,0.180942721365496,3.66603205341837,3.23400541957327,0.449169049496125,15.6301977366036,25.9527627166322,19.205070769178,101.283914836954,35.5096307598292,212.097117786221,422.657912090427,169.027091682567,1.56162105231271,0.274668299862753,1.89947516360454,2.82036365310156,0.441678340715928,6.92782675714901,12.7349938409103,0.91082989369724,0.91082989369724,0.121457305397178,2.17393326966133,2.14113700843474,0.327512068408991,1.90628018690455,2.85328115713606,0.777066598148824,0.323649602663189,0.530454847633404,1.16265196254038,1.32499269503456,1.29505527110279,1.30037138474889,1.39700741702079,1.41893829255247,1.42271134581336,1.42767207343163
"84",0.470791213386593,0.673878851042848,7.68891930616331,7.72389728928278,7.51252683215935,1.33568913436307,1.23133472446477,0.443018662054188,0.641989919064784,1.27303873071442,0.145425474888221,3.65728034119894,3.10671798725639,0.351597701805844,14.4043804992196,25.730089431084,19.3468745707885,101.04668563338,35.8143745622423,212.563341466024,430.987376312115,172.113227889067,1.6428510528107,0.271006721246182,1.77471457042414,2.83029233944592,0.34456928388639,6.8394223789375,11.8705121012922,0.691102270771596,0.691102270771596,0.0947568204096223,1.76261420585384,1.69493537088759,0.585366436211049,1.71708532757864,0.512113717061973,0.429780282667431,0.0845875913243817,0.0379888521128039,1.08429381947213,1.17826462081428,1.25665125666783,1.32417560561317,1.37222306354957,1.38901992837185,1.40267496811837,1.41431635701965
"85",0.433405982929855,0.0100554649195089,5.04827286848511,5.103664133181,5.01410209974605,0.223868052732728,0.0953367455630066,0.0326867358728308,0.120241946327252,0.855702159514027,0.079255911872028,2.39195925208443,1.97648115376491,0.178977100535688,13.3500493288575,25.5442164020879,19.5346388585693,101.097221506112,35.9685882166453,212.80487454088,435.662360158918,173.756743058029,1.25326347841235,0.186591223130926,1.12756965768207,1.96233134084219,0.185552539865411,4.48346360221198,7.46482543786484,0.352313379647705,0.352313379647705,0.0510321114593547,0.924456826542162,0.944166555690705,0.367788323035977,0.90027045645554,0.091639730896527,0.0839013201037476,0.120134819934131,0.0934988059719578,1.36566855440695,1.3142616902749,1.42584520789204,1.42487227585103,1.42443049783967,1.42484233664428,1.43336237136336,1.44102388458009
"86",0.756793479478258,0.612711386902842,4.55116379092893,4.65964933327508,4.55447134933331,0.117753099935604,0.0551601584644042,0.0162189524690073,0.08714254489228,0.803062744819589,0.0711327559830025,2.17139237054188,1.78793264768491,0.15953394792775,12.4506571640985,25.3752697167264,19.718014574011,101.265374641791,36.1070853810825,213.019308422221,439.758379491676,175.14440625483,1.13372547909915,0.168669360557598,0.960474543349917,1.82503110118345,0.16678993411238,4.059158200377,6.73277472469553,0.313139349036737,0.313139349036737,0.0458709054154849,0.683413036944465,0.851715065590327,0.279756880705409,0.594232974602597,0.15710161247557,0.0815789515584365,0.0771172973757863,0.510531408128686,1.35884308268639,1.40867745218232,1.51689522755289,1.51748790161619,1.49477304513549,1.48366756605026,1.48565181582144,1.48812987560993
"87",3.21135286228799,4.75893422523108,6.83514367416404,7.65240705259925,7.03706610904758,1.85263245450517,0.738218678845889,0.167561434085918,2.03424912762236,1.28919734052321,0.123494330704537,3.40293312523167,2.83085342464945,0.280556263148623,13.4919585377261,25.1591943718986,19.9569643895137,101.600441067271,36.3587660353262,213.356363336721,447.498936504108,177.907485972125,1.19371383737071,0.261267285057686,1.27459986114835,2.82529895970249,0.292207102166538,6.37737454629793,10.7361099949837,0.553543070195641,0.553543070195641,0.0803607861051293,1.0293646771267,1.44970523721447,0.30369448735946,0.886147537511889,0.272020054465315,0.107600592615994,0.156155211607302,0.134947576723839,1.54947256046056,1.38872619305163,1.50111497193273,1.56858951850883,1.55209804533194,1.54045805999286,1.53903149041726,1.53872814342813
"88",3.85955241565219,2.82081645907293,7.46787309557353,7.55765053284051,7.13438155102147,3.0615237160102,2.7454822015659,1.10167967938769,1.42486615710942,1.45754586785459,0.154671618050317,3.58912220809847,3.03611456884544,0.35355809407059,12.900642358076,25.9458876719863,19.5300633650557,102.464352296434,36.6895798322545,213.693346824436,455.91213357258,181.046093124578,1.08316496511498,0.251298775606273,1.23745626574857,2.92622334243339,0.36136432056971,6.56692526815029,11.3828701556459,0.687580330672186,0.687580330672186,0.0993770783227178,1.19733685186894,1.60925474465887,0.463802509647755,1.05809919586154,0.217946096743802,0.271710164214322,0.0715368598851125,0.0951110642428847,0.792324470145223,1.24656160904767,1.3764557082022,1.56919772673809,1.57033338909548,1.56143352046907,1.55825624239035,1.55604688622201
"89",8.1367479392822,4.43498835945439,5.71207554629221,7.12008393084533,4.75729466738899,3.7207323407705,3.60134461576366,2.55350575233404,2.43633888026065,2.54091082883519,0.301441184969738,3.22338620656002,3.34644497030336,0.687938846694907,13.7804499592931,29.5463713261434,19.4068730170215,105.368049074237,37.3672435505922,214.008811587583,465.605358722498,185.293455983279,1.12256583811734,0.261784597196422,1.30561124217275,4.53655848593781,0.696126299875086,5.66289367044015,12.0355005067641,1.32248019987049,1.32248019987049,0.191437639407245,1.90448055154234,1.87056694862193,1.10250366989746,1.73643064479199,0,0.439250638908833,0.432947119914689,0.499134344478903,0.089134316595515,0.972392928778477,1.17058970012744,1.46189344314664,1.50824471174577,1.50943328295621,1.49975651552328,1.49045035533465
"90",10.3758114609573,5.99077184270377,7.45424113337806,9.89933461760395,6.94680726782942,4.45758128421115,3.74854801406269,1.36153463648134,1.661051299476,3.98758269707743,0.479980950922518,4.10904095051806,4.61813955348751,1.13146650540997,14.9856405588888,30.5695230585809,20.0464994682891,109.521597924082,38.5144882130166,214.90651390876,476.987339183429,192.059313210128,1.26760913815033,0.324896165815505,1.55004906960582,7.9542161377752,1.19714040248275,9.05180793201451,17.4499939472624,2.3239510965949,2.3239510965949,0.329208327120464,2.20814412621948,3.22400009154996,1.27528454863171,1.60234111133357,1.30719139077689,0.923440262778379,0.287744845312719,1.87573024767191,1.86689147219774,1.37189150718078,1.25646465975897,1.26309726973144,1.3826802974475,1.43511030937864,1.45357324518657,1.46918878608798
"91",12.6637247642942,7.15626380193215,13.718527866958,16.6774808009145,13.7930265471743,5.24116461971512,4.05927802629963,1.19465105143001,1.83595194638596,4.33931053991695,0.590573181447866,6.94846789824414,6.81516277669162,1.45977421109353,16.407779052793,31.3895490034851,20.7207833472086,112.25120146344,40.16233951384,217.000072217715,489.067037334397,201.673904192319,1.46615308985932,0.362274515930847,2.01465553930179,10.6545081232635,1.75339316399674,17.0631116523729,26.7900566689226,3.45107389244085,3.45107389244085,0.482180835032592,7.07309002940723,9.7651497065309,0.620367657767586,4.32830617081173,3.52544219975912,2.76643996767388,0.0796046624186541,4.07574894448563,3.0798863604044,2.78498981610745,2.19293503616786,1.71506176867179,1.62232625774525,1.61923305429366,1.64866772783727,1.69034802089195
"92",10.3295283301282,6.60142334286181,10.4850785039048,12.2716495941207,10.1849486311797,4.78916261336695,3.80414875285038,1.3163851687485,1.91149427471856,3.19008180543282,0.528774890962233,5.58744057767874,5.77828458902831,1.33693382586704,17.6607182549838,32.6245311612661,21.5933233311816,111.90942410479,41.4435935575974,218.83104904231,499.728832434348,209.587631559995,1.6790924696491,0.317083487963965,1.86307678574226,6.40848367099055,1.3575825172145,12.9324783070639,21.2011836440635,2.79399466172512,2.79399466172512,0.373337385880332,3.85446421650522,4.2265756721139,1.75539346192749,3.15875769710022,1.39044141129987,1.71699585950419,0.794665412951523,0.289080287227677,1.59896194305979,2.49942649500123,2.21878335460466,1.98462559292679,1.815233478659,1.69684964257148,1.65840735123957,1.6647742860866
"93",6.56513220492723,4.9112458647816,7.28304431173302,7.72962413340214,6.82610152399108,3.28163419940832,2.94055165484851,1.44545391576382,1.83455080743753,2.3731312317872,0.418525353504734,4.13258104188563,4.54301100945122,1.11744489889419,18.2326160151237,34.0990263138237,22.2995972739688,110.4908647847,42.4620233044866,220.153321185547,510.904735504388,216.514664129666,1.80928424969822,0.336926574830886,2.02498607438808,4.43038918815095,1.06643788592177,8.94283586036698,16.8770025793782,2.31715422679884,2.31715422679884,0.293272128082607,3.10964051589,3.28192912049769,1.42266852440132,3.03041717498773,1.85879144794692,1.66755861054629,0.0901705040969103,0.807370412082998,1.40096189202745,1.98450176984659,1.87188592589928,1.83642148104305,1.78736690312732,1.67310444776509,1.6031814744426,1.5818788710616
"94",2.45840094560848,3.04739030443669,7.51168395662471,7.81444523054683,7.46676466217424,1.90505027706686,2.3976971839324,1.32705476608842,1.35512458963534,1.66909298034755,0.23597974801609,3.92534176035101,3.54794691597333,0.65438922424817,17.4877672488269,34.6486993179541,21.8933879048986,108.864874397217,43.0378299539246,220.723543082862,522.233181982507,221.160911593992,1.79073887200031,0.398947433949067,2.27393151225543,3.73810791622141,0.608333204711485,7.84867273548454,14.6641158699876,1.38669155253602,1.38669155253602,0.167293664306727,3.1552631139252,3.44868259070479,0.28557469684618,0.722911899713565,2.64697520944438,0.685079654779595,0.0639870099190753,1.27562241085945,1.42594039663357,1.57674602175724,1.49523993829408,1.43105253452475,1.52870884366613,1.52536317859391,1.51387453752438,1.5155280087911
"95",0.878453612545329,1.04219112797427,8.53974864610224,8.58384098865562,8.20557018423307,2.03648367632505,2.06820777466087,0.535206447549906,0.698405758865261,1.51945633189684,0.169350709690651,4.12849687412998,3.35899956494926,0.456187655504118,16.261726152394,34.3678310652775,21.3807981503781,107.788758698201,43.4277820423529,220.992135795547,532.068862353974,224.687033018302,1.67251017833384,0.398809970590536,2.26298688634126,3.67669596702191,0.429159758762881,8.27442849038872,13.922708849805,0.95026913859637,0.95026913859637,0.118020986367816,2.9268962492783,3.12537500505673,0.172062268162583,0.657415904860566,2.34406203217208,0.502270677474313,0.0218177930121081,1.13716885098365,1.28199858503011,1.3555926937858,1.31662322647941,1.39894656316707,1.48314436208613,1.50510927563416,1.51683081445519,1.52799289476209
"96",0.487351632599061,0.203328396720997,9.2376377495887,9.24750903334416,8.94281535999715,1.43490753373825,1.35460991092147,0.439799449193733,0.805770566076694,1.55249437792017,0.148023083358883,4.40995147412822,3.5044367126766,0.384996760226432,14.7829834383476,33.9618945488707,21.0982694277214,107.17626247786,43.7413198444986,221.141754416027,541.620388351311,228.238233403294,1.74061310258335,0.420276080862871,2.09593928124786,3.67076084194085,0.360275729923231,8.51432655410576,13.7913108660458,0.773065012492089,0.773065012492089,0.0990779213599584,2.21352707783165,2.29983660483707,0.211499040368432,0.403643947092289,2.10763765913835,0.363307208027931,0.0189138934290765,0.660834627104087,1.19319077571379,1.31651109442666,1.32696227323991,1.43389888268196,1.47659779669586,1.49149408781899,1.50537685580587,1.5171450727993
