"","GPP_mean1","NPP_mean1","Reco_mean1","NEE_mean1","Rh_mean1","Ra_mean1","Rleaf_mean1","Rstem_mean1","Rroot_mean1","Rh4_mean1","Rh5_mean1","Rh6_mean1","Rh7_mean1","Rh8_mean1","QC1_mean1","QC2_mean1","QC3_mean1","QC4_mean1","QC5_mean1","QC6_mean1","QC7_mean1","QC8_mean1","QCt1_mean1","QCt2_mean1","QCt3_mean1","QCt4_mean1","QCt5_mean1","QCt6_mean1","QCt7_mean1","QCt8_mean1","QCt9_mean1","QCt10_mean1","QCt11_mean1","QCt12_mean1","NPPL_mean1","NPPR_mean1","NPPS_mean1","add_mean1","simuCH4_mean1","prod_mean1","oxid_mean1","diff_mean1","ebu_mean1","pla_mean1","conc1_mean1","conc2_mean1","conc3_mean1","conc4_mean1","conc5_mean1","conc6_mean1","conc7_mean1","conc8_mean1","conc9_mean1","conc10_mean1"
"1",0.461,0,14.2733736,13.8123656,14.0026708,0.2707,0.222,0.006,0.0427,3.7946936,0.2849264,6.2808444,3.3362756,0.3059286,148.9371,71.7151,180.3568,294.9485,261.0116,463.6118,82144.9844,72475.8828,12.2489,1.9067,7.5924,8.755,0.6574,10.8684,11.5462,0.5775,0.1808,4.996,6.033,4.3474,0,0,0,0,0.383224,0.8187,0.1512314,0.121801,0.1293682,0.1320556,0.0085948,1.8700242,4.0422112,5.998859,7.186348,7.7319418,7.8375806,7.8984038,7.9624,8.028
"2",4.3333,0.0035,14.0282086,9.6948852,13.9403602,0.0878,0.0709,0.0022,0.0148,3.8873858,0.2825188,6.1856558,3.2836754,0.3011278,137.6206,69.8639,173.0948,304.8271,261.9326,463.9562,82139.3594,72475.8828,11.3181,1.8516,7.2635,8.9836,0.6529,10.7208,11.3824,0.5694,0.1795,5.1205,5.9474,4.2883,0.0017,0.0014,3e-04,0,0.4265906,0.8106,0.1186474,0.1641722,0.1269222,0.1354958,0.0097608,1.9059922,4.1074342,5.9762676,7.269316,7.84938,7.9482544,8.0030192,8.0612,8.121
"3",10.9973,0,14.2101238,3.21286,14.0114856,0.1986,0.1603,0.0049,0.0334,3.9976764,0.282961,6.1627758,3.2683308,0.29974,127.1624,68.0777,166.1914,313.2682,262.8003,464.4519,82133.7344,72475.8828,10.4581,1.7862,6.9034,9.1873,0.6503,10.6225,11.2669,0.5636,0.1788,5.2319,5.8871,4.249,0,0,0,0,0.4532652,0.765,0.148947,0.1057208,0.2104764,0.1370672,0.0063698,1.9510734,4.1721298,5.9262594,7.2812358,7.9120598,8.0176526,8.0740628,8.1318,8.1907
"4",30.831,1.4483,23.190215,-7.6408278,16.0485796,7.1416,5.9761,0.2538,0.9118,4.703721,0.3258292,6.9822296,3.697658,0.3391418,118.2123,66.4523,160.0284,318.8905,263.5389,465.247,82126.7188,72477.2266,9.6743,1.7703,6.7425,11.0576,0.7659,12.3086,13.0367,0.6522,0.2106,6.2923,6.8119,4.9234,0.7241,0.5793,0.1448,0,0.7356258,1.1609,0.0469212,0.4631346,0.0853692,0.1871218,0.0560484,1.722076,4.0631804,5.7441532,7.2367288,8.012106,8.1353916,8.1979968,8.2593,8.3211
"5",70.2384,54.0734,70.0541256,-0.1843032,35.7921714,34.262,27.6849,1.8477,4.7294,10.6550006,0.7414492,15.4770946,8.1691846,0.74944,151.7099,66.7822,161.7188,311.2445,263.2932,467.2417,82106.4453,72485.5156,10.2478,1.7357,6.5726,24.7284,1.7207,26.9381,28.4375,1.423,0.4732,14.0738,14.8591,10.7752,10.3286,8.2628,2.0657,33.416,1.8190438,2.6558,0.3793186,0.4955058,0.63372,0.6898208,0.0229128,1.0331782,3.429682,4.7119206,6.3618826,8.1427324,8.4095358,8.542141,8.6433012,8.7222
"6",110.5754,52.7766,111.1552404,0.5798638,54.5468932,56.6083,44.6531,3.3936,8.5616,15.7504206,1.1390668,23.9323514,12.5712264,1.1538316,171.0382,69.0968,171.2408,294.3436,262.1074,469.3043,82074.2578,72500.4688,13.1044,1.7539,6.7537,37.0193,2.6779,42.2009,44.3338,2.2195,0.7364,21.097,23.1657,16.8804,20.3443,16.2754,4.0689,12.088,2.7108176,4.6926,0.5853986,0.8729748,0.888864,0.9489772,0.1627372,1.4077132,3.6002482,4.6469556,6.185541,8.3066668,8.6764168,8.8639048,9.0137,9.1329
"7",152.0779,61.4944,161.6822554,9.6043662,84.9105162,76.7717,58.8834,5.0708,12.8175,23.0580464,1.8093984,38.2103074,19.9961304,1.8366318,187.6049,73.3662,188.3788,260.3866,259.3195,469.7726,82022.6094,72515.5703,14.1803,1.8802,7.4595,55.8817,4.3859,69.4655,72.7053,3.6425,1.2061,31.9411,37.9918,27.7862,30.7472,24.5978,6.1494,0,6.4459044,9.9407,0.6398126,3.1348868,1.7143786,1.596639,0.2767118,2.2792922,4.9060144,5.6830176,6.7298552,9.0294556,9.4005508,9.5840436,9.7400812,9.8711
"8",148.7757,56.1901,161.2691266,12.4934756,80.400522,80.8686,63.8168,5.2095,11.8423,19.822578,1.7259002,37.4165922,19.630863,1.8045922,200.3198,76.9961,202.7168,236.028,256.8173,466.6299,81971.8906,72529.9922,15.3803,1.9891,8.1375,48.1748,4.1931,68.1708,71.5306,3.5866,1.1531,27.6492,37.3793,27.2683,28.0951,22.476,5.619,0,7.372023,9.8346,0.5465282,3.1553762,2.427997,1.788653,0.0161692,1.8034318,4.7928458,5.5619232,6.5749306,9.1127592,9.493739,9.671,9.8283,9.9668
"9",97.3019,27.1025,121.7392074,24.4372942,49.6936888,72.0455,60.6882,4.1535,7.2039,11.5291712,1.0584822,23.5359546,12.4269488,1.1431314,197.9897,77.9055,206.0729,233.1793,255.9162,463.6983,81941.0156,72542.2578,15.8815,1.8008,7.485,26.4851,2.4315,40.537,42.8062,2.1478,0.6687,15.2355,22.3696,16.2148,13.5513,10.841,2.7103,0,2.9091728,3.6539,0.9503832,0.1816686,1.6881702,1.039333,0.0098696,0.5664876,3.5338362,4.42065,5.688324,8.214334,8.6276642,8.8244774,9.0003,9.1568
"10",56.0028,15.9898,88.5721188,32.5693116,32.2794986,56.2926,48.9156,2.8049,4.5721,7.5084958,0.6800236,15.2533032,8.0928946,0.744784,190.5018,77.6618,204.8026,239.5013,255.9337,461.9241,81920.5,72549.6719,15.4829,1.8427,7.6664,17.1041,1.549,26.06,27.6534,1.3881,0.426,9.8332,14.4514,10.424,7.9949,6.3959,1.599,0,1.5505252,2.1417,0.6662638,0.1880362,0.69693,0.6655604,0.0058674,0.6666688,3.234336,4.1800922,5.5232058,7.6225106,8.012101,8.2003,8.3676,8.5151
"11",13.2077,0.0263,46.9109934,33.7033108,17.2265706,29.6844,26.7178,0.8807,2.0859,4.062602,0.3540986,8.1024282,4.3106354,0.3968092,176.0376,75.8482,197.337,252.42,256.667,461.0858,81912.1484,72552.3125,14.4774,1.8162,7.4761,9.3067,0.8112,13.9208,14.8122,0.7437,0.2231,5.3417,7.7408,5.5683,0.0131,0.0105,0.0026,0,0.9223738,1.0464,0.1635572,0.0499718,0.5211926,0.351204,0.0033522,0.8811214,3.7042114,4.9929356,6.1585412,7.332689,7.6074094,7.7460996,7.8789,8.0053
"12",3.0519,0,29.6274116,26.5755292,15.5684216,14.059,11.844,0.3071,1.908,3.8738262,0.3195222,7.1915188,3.8308762,0.352679,160.5315,73.7519,188.8341,267.8091,257.7124,460.6898,81905.5859,72552.3125,15.5061,2.0964,8.5029,8.9302,0.7366,12.4343,13.2473,0.6652,0.2026,5.1142,6.923,4.9737,0,0,0,0,0.4142484,0.8776,0.1478656,0.0628336,0.2039298,0.1474884,0.0046834,1.7620416,4.1773074,5.965321,6.9162122,7.4600736,7.5988868,7.6767,7.7604,7.847
"13",2.2895,0,13.29692,11.0074468,12.2959386,1.001,0.8222,0.0225,0.1563,3.2046932,0.2519504,5.5875594,2.977591,0.274147,148.3323,72.0381,181.9851,279.7777,258.5916,460.6286,81899.0469,72552.3125,12.1992,1.7137,6.849,7.3434,0.5773,9.6028,10.2346,0.514,0.1588,4.1976,5.3486,3.8411,0,0,0,0,0.2521138,0.6185,0.1044702,0.0421454,0.0790182,0.1309498,0.0036068,1.7940132,4.1046556,6.1640012,7.1600934,7.628981,7.7182046,7.7699022,7.8301,7.8957
"14",4.3871,0,12.5432264,8.1561674,12.5291404,0.0141,0.0115,3e-04,0.0023,3.3794734,0.2559834,5.622255,2.9956008,0.2758228,137.0602,70.317,175.1993,290.3648,259.4691,460.7635,81893.2656,72552.3125,11.2721,1.7211,6.7858,7.7338,0.5858,9.6498,10.283,0.5165,0.1611,4.4147,5.3739,3.8599,0,0,0,0,0.2508258,0.592,0.0869094,0.0393582,0.0799028,0.1315692,0.0041126,1.8094198,4.111053,6.1972338,7.2768308,7.774388,7.8523636,7.8945918,7.9439998,7.9984
"15",29.5207,1.4102,18.574984,-10.9457262,13.6601678,4.9148,4.0783,0.1855,0.651,3.791934,0.2786074,6.063501,3.22881,0.2973184,127.3284,68.636,168.679,299.3284,260.3682,461.1036,81887.6406,72552.3125,10.4369,1.822,7.0843,8.8352,0.6491,10.5947,11.2833,0.5667,0.1785,5.0379,5.8967,4.2379,0.7051,0.5641,0.141,0,0.4302992,0.8493,0.0528044,0.2683388,0.0267818,0.1351788,0.030439,1.8549796,4.1169254,6.1806172,7.3671148,7.9127008,7.9941186,8.0355918,8.0843,8.1386
"16",38.0067,43.5945,32.6128256,-5.3938522,15.2598284,17.353,15.425,0.5563,1.3716,4.3591708,0.312148,6.6976698,3.562746,0.3280908,158.342,67.1276,162.9401,307.363,261.1616,461.6985,81880.9688,72553.3203,11.1279,1.7989,6.9018,10.2589,0.7346,11.8208,12.5759,0.6317,0.202,5.8444,6.5722,4.7283,1.4538,1.163,0.2908,40.6869,0.789605,1.1032,0.0356326,0.46649,0.1554622,0.1676488,0.0517722,1.8322418,4.1840768,6.0720738,7.3565344,8.0201006,8.1194252,8.1679,8.2207,8.2783
"17",89.3345,32.3011,84.290527,-5.044027,36.9328506,47.3577,38.7405,2.5933,6.0239,10.8424522,0.7721596,16.0324668,8.5025852,0.783189,163.8975,68.1405,167.2927,301.9141,260.8665,463.6038,81859.2969,72561.4453,12.8241,1.7714,6.7845,25.3195,1.8033,28.0842,29.7877,1.4966,0.4959,14.4216,15.5673,11.2337,13.9216,11.1372,2.7843,4.458,2.0193152,2.973,0.303756,0.7377164,0.494675,0.7869246,0.109245,0.9570742,3.2847876,4.6234422,6.3260396,8.1887372,8.4459392,8.5670232,8.6602,8.735
"18",132.9191,49.0309,127.3317318,-5.5872742,58.9058284,68.4259,53.6845,4.3825,10.3588,16.7169396,1.2391058,25.9751412,13.7110416,1.2635936,175.0793,71.2021,179.7087,282.7403,259.4679,465.5178,81824.8125,72576.3594,13.3335,1.8415,7.1966,39.9815,2.964,46.6033,49.1989,2.4732,0.8151,22.8049,25.7124,18.6413,24.5154,19.6123,4.9031,0,4.1447738,6.0765,0.4744408,1.8520534,1.1922752,1.1004452,0.1380408,1.569752,3.7366278,4.7310786,6.2430068,8.448624,8.8170846,8.9983848,9.1436,9.2603
"19",161.3561,63.3379,166.9446212,5.5885392,81.6494076,85.2952,66.2546,5.7895,13.2511,21.692079,1.7438908,36.9620246,19.4570076,1.7944088,192.2465,75.6005,197.2367,253.5883,256.9519,465.3829,81775.2344,72590.4219,14.5018,1.9354,7.8068,51.749,4.1599,66.1261,69.6183,3.5021,1.144,29.6059,36.3851,26.4504,31.6689,25.3351,6.3338,0,5.009942,8.6294,1.1422518,1.849999,1.6697398,1.4901994,0.1208034,2.020587,4.653661,5.4437064,6.5619676,8.9511166,9.3325418,9.5168964,9.674,9.8072
"20",144.4569,52.6974,157.5843226,13.127382,71.8126954,85.7716,68.7689,5.5845,11.4182,17.5657872,1.537165,33.4323962,17.6484848,1.6288662,202.9252,78.8314,209.8622,236.5921,255.0616,462.6648,81730.8438,72604.4297,15.6702,2.0389,8.4534,41.4256,3.6247,59.1233,62.42,3.1424,0.9968,23.7809,32.6241,23.6493,26.3487,21.0789,5.2697,0,4.5753848,7.1124,1.275376,0.9447094,2.1818752,1.4488034,0.0130444,1.4860332,4.273477,5.0822836,6.2346584,8.774199,9.174371,9.362,9.5269,9.672
"21",98.0385,30.0216,117.4630916,19.4246244,43.9285204,73.5346,61.5459,4.2693,7.7194,10.2663988,0.9275866,20.7228864,10.996128,1.015516,201.7672,80.0424,214.3361,237.3267,254.4843,460.3612,81703.8438,72615.5625,16.1688,1.7912,7.5347,23.2375,2.0996,35.1668,37.3197,1.8799,0.5774,13.358,19.5058,14.0667,15.0108,12.0086,3.0022,0,2.1163894,2.9491,1.2820418,0.2816064,0.9707888,0.8639996,0.056894,0.0369066,2.9741566,4.1673788,5.5068424,7.9570438,8.3828446,8.5899,8.7671,8.9174
"22",39.2808,7.9681,75.5043076,36.2234816,25.2539104,50.2504,44.7566,2.2237,3.2701,5.964759,0.5225426,11.864135,6.3187178,0.5837626,190.1892,79.075,210.1184,247.4381,254.8352,459.2198,81688.6094,72621.1875,15.5621,1.7643,7.4049,13.1203,1.1491,19.5687,20.8444,1.0504,0.316,7.5322,10.8949,7.8275,3.9841,3.1873,0.7968,0,0.6348508,1.3412,1.2055272,0.2238618,0.0148646,0.3961226,0.0059534,0.1676118,1.593156,3.7073176,5.4332904,7.4222224,7.7965902,7.9793,8.1388,8.2777
"23",8.5185,0,42.483456,33.9649604,17.7982272,24.6852,22.3056,0.6376,1.7421,4.2998136,0.3609162,8.2999126,4.4283708,0.4092128,175.7364,77.1383,202.088,260.2852,255.6483,458.5536,81678.1016,72626.0703,14.4529,1.9367,8.0302,9.9265,0.8331,14.3687,15.3327,0.7728,0.2291,5.6887,8.0141,5.7475,0,0,0,0,0.726779,1.138,0.1841318,0.09897,0.3635652,0.2642468,0.0077974,0.824499,2.4102486,4.4709416,6.0444708,7.3057512,7.5951388,7.7413,7.8683,7.9773
"24",0.9485,0,26.473906,25.5253812,16.8546912,9.6192,8.0807,0.2124,1.326,4.2911542,0.3423416,7.7184588,4.1218008,0.3809372,160.2568,74.8276,192.6569,275.585,256.8169,458.31,81671.5391,72626.0703,15.4796,2.3107,9.4311,9.9544,0.7942,13.4291,14.3428,0.723,0.2184,5.6933,7.4967,5.3716,0,0,0,0,0.4798798,1.0517,0.1776152,0.1279762,0.2179068,0.1339938,0.0079238,1.5207472,3.2015864,5.3721464,6.7936228,7.4788254,7.6414212,7.7278994,7.811,7.8904
"25",1.2877,0,14.1715724,12.8838758,13.6970962,0.4745,0.3878,0.0106,0.076,3.6539658,0.2784654,6.1668814,3.2933906,0.3043994,148.0786,72.8842,184.8525,287.3635,257.8206,458.4102,81665.9141,72626.0703,12.1783,1.9434,7.8044,8.4901,0.647,10.7467,11.4785,0.5787,0.1779,4.8475,5.9996,4.2987,0,0,0,0,0.3865486,0.8339,0.0900766,0.1858736,0.0813446,0.119328,0.010053,1.6783758,3.5830904,5.5825278,7.0611458,7.6741056,7.7846382,7.8425888,7.903,7.965
"26",2.8587,0,13.6548466,10.7961268,13.6457942,0.009,0.0073,2e-04,0.0015,3.7610118,0.2768582,6.069046,3.2394482,0.2994334,136.8257,71.0021,177.407,297.6977,258.7852,458.7184,81660.2891,72626.0703,11.2528,1.882,7.4455,8.6469,0.6365,10.465,11.1717,0.5633,0.175,4.9308,5.8393,4.186,0,0,0,0,0.3611754,0.7033,0.1064314,0.0801568,0.1561592,0.1248566,0.0054074,1.7756636,3.7923306,5.5851068,7.1503664,7.8059678,7.9046266,7.952,8.0028,8.0564
"27",8.4524,0.0012,13.6452152,5.1927924,13.4258292,0.2194,0.1758,0.0056,0.0381,3.7958528,0.271485,5.9134578,3.1535204,0.2915102,126.4286,69.2233,170.4729,306.5836,259.6747,459.1788,81654.6641,72626.0703,10.3977,1.7789,6.9346,8.7114,0.623,10.1784,10.8559,0.5474,0.1713,4.9626,5.6743,4.0714,6e-04,5e-04,1e-04,0,0.3511584,0.6878,0.1204054,0.0725976,0.1506944,0.127863,0.0086522,1.81524,3.8771248,5.6060422,7.185726,7.8830194,7.9881482,8.0363502,8.086,8.1373
"28",20.5847,0.4002,15.2178238,-5.3669016,13.9056,1.3122,1.0845,0.0526,0.1751,4.0119786,0.2803748,6.0772106,3.2368086,0.2992252,117.02,67.451,163.6718,314.0355,260.5584,459.7967,81649.0391,72626.0703,9.6086,1.8124,6.9612,9.3835,0.6557,10.6599,11.3552,0.5726,0.1803,5.3413,5.9353,4.264,0.2001,0.1601,0.04,0,0.514217,0.9082,0.0477224,0.3245262,0.0587098,0.1309794,0.0309994,1.833454,3.8757742,5.593758,7.241543,7.972232,8.0865428,8.1389108,8.1910092,8.2441
"29",59.7924,40.7419,47.6902112,-12.1021936,21.161837,26.5284,20.9543,1.4326,4.1414,6.3597148,0.4377492,9.0880384,4.82979,0.4465464,139.5054,67.4143,163.8743,315.7822,261.0537,461.1688,81638.2266,72629.3438,9.5502,1.7779,6.7631,14.829,1.0207,15.8951,16.8948,0.852,0.2807,8.4366,8.8308,6.358,8.7068,6.9654,1.7414,23.3283,1.1455086,1.5207,0.157008,0.4629668,0.3634798,0.3190586,0.0628442,1.2483842,3.7984986,5.373963,6.98155,8.0991184,8.242139,8.3055574,8.372,8.4452
"30",111.0714,64.3337,99.729293,-11.3420442,47.7950388,51.9343,40.2413,3.1424,8.5506,14.263353,1.0008262,20.6191922,10.9032394,1.0084264,170.784,69.7095,173.3297,301.7393,260.2133,464.0216,81610.2344,72640.625,12.5529,1.8052,6.9469,33.8092,2.3726,36.6578,38.7678,1.9558,0.6525,19.2475,20.264,14.6631,20.5027,16.4021,4.1005,23.3283,2.8573586,4.4756,0.3891952,1.3215602,0.6369002,0.8988948,0.1943614,1.5047486,3.500011,4.6582686,6.3407408,8.3590916,8.6597988,8.8018996,8.9173994,9.0147
"31",143.4387,54.9413,146.0735904,2.6348868,73.998449,72.0751,55.9722,4.6373,11.4657,20.7634454,1.5618876,32.8246392,17.2518904,1.5965898,184.1371,73.3037,187.7532,273.4972,258.0525,465.846,81565.5391,72654.1875,14.1176,1.9,7.5528,50.1972,3.7771,59.5346,62.5789,3.159,1.0387,28.6472,32.711,23.8138,27.4706,21.9765,5.4941,0,5.8200546,8.4263,0.458454,2.8587834,1.5152702,1.4460004,0.0605062,1.6787158,4.3762878,5.246911,6.4893792,8.7926118,9.1674432,9.3535228,9.507697,9.6336
"32",141.2052,51.4991,143.1873432,1.9821956,61.1605816,82.0268,65.4965,5.3638,11.1664,16.068184,1.294661,27.8334546,14.6111328,1.3531456,195.0174,76.558,200.6517,258.9166,256.6471,465.3222,81529.0234,72669.4609,14.8692,1.8955,7.7009,37.4316,3.0159,48.6264,51.0527,2.5789,0.8294,21.4168,26.6869,19.4506,25.7496,20.5996,5.1499,0,3.130436,5.0704,0.964366,0.326407,1.6489174,1.155112,0.00477,1.573522,4.006863,4.8687066,6.1487552,8.539158,8.9427492,9.1405,9.3117,9.4601
"33",100.4474,43.8685,127.2158858,26.7685232,57.673933,69.542,55.9789,4.1337,9.4293,14.3861996,1.2146134,26.718771,14.052152,1.3021946,201.2024,78.9235,209.8012,249.7729,255.5283,463.5192,81494,72683.125,15.7493,2.0214,8.3979,33.5937,2.8361,46.7841,49.2098,2.4874,0.7799,19.2564,25.7242,18.7136,21.9343,17.5474,4.3869,0,3.1494824,5.0709,0.995175,0.398305,1.5963532,1.1548212,0.008217,1.0148182,3.722095,4.5943044,5.8830266,8.270572,8.6843652,8.8891,9.065,9.2144
"34",41.004,11.2865,76.1800896,35.1760868,33.9653232,42.2147,37.3694,1.73,3.1154,8.247611,0.700593,15.8678234,8.372988,0.7763062,191.2279,77.9721,205.6436,254.9024,255.6427,462.0869,81472.6562,72691.7734,15.6179,2.0802,8.6719,19.4733,1.6541,28.0995,29.6548,1.4997,0.4549,11.1652,15.5022,11.2398,5.6433,4.5146,1.1287,0,2.6989056,3.1985,0.2193504,0.8350196,1.0077282,0.8561626,0.0272214,0.7544542,3.2472446,4.2677432,5.6890252,7.7403436,8.1329582,8.3297644,8.4999,8.6444
"35",6.3822,0,37.0799478,30.6977166,17.9210636,19.1589,17.4222,0.4417,1.295,4.4123064,0.3613182,8.3325798,4.4062174,0.4086418,176.6961,75.929,197.2396,267.9169,256.542,461.4659,81462.6875,72696.1172,14.5319,2.0431,8.4041,10.2291,0.8376,14.4877,15.322,0.7751,0.2303,5.8563,8.0098,5.7951,0,0,0,0,1.0700208,1.29,0.199147,0.2048958,0.5488034,0.3163228,0.009294,1.2439704,3.6012934,5.058605,6.3309374,7.458532,7.7383244,7.8841076,8.0157,8.132
"36",0.5948,0,21.4610942,20.866307,16.1165902,5.3445,4.4252,0.1139,0.8054,4.1758508,0.324818,7.3598106,3.8948512,0.3612624,161.132,73.6243,187.9137,283.5079,257.7523,461.2859,81456.125,72696.1172,15.5641,2.3047,9.326,9.6445,0.7502,12.7494,13.4941,0.6827,0.2063,5.5108,7.0543,5.0998,0,0,0,0,0.46942,0.9038,0.1294138,0.1088716,0.2206138,0.1399358,0.0038466,1.7769182,3.8838926,5.8310952,6.980428,7.5732604,7.72499,7.8106904,7.8919,7.9675
"37",0.572,0,13.2540112,12.6819666,13.0736666,0.1803,0.1481,0.004,0.0282,3.5378496,0.262988,5.8752612,3.1091576,0.2884086,148.8872,71.7292,180.3689,295.4715,258.7596,461.4012,81449.9531,72696.1172,12.2448,1.8951,7.5448,8.1103,0.6029,10.1015,10.6914,0.541,0.1658,4.6265,5.5891,4.0406,0,0,0,0,0.2785458,0.6016,0.0598142,0.046041,0.1037926,0.128711,0.0040814,1.7893,3.9736178,5.9634158,7.18416,7.7284676,7.8369544,7.8975,7.9555,8.0103
"38",1.4833,0,13.1813854,11.698058,13.1720708,0.0093,0.0076,2e-04,0.0015,3.6860022,0.2648614,5.8437408,3.0907468,0.2867206,137.5729,69.8872,173.1437,305.8743,259.7196,461.7239,81444.2891,72696.1172,11.3143,1.842,7.2252,8.4146,0.6046,10.0053,10.5835,0.5355,0.1663,4.7943,5.5328,4.0021,0,0,0,0,0.2614334,0.5413,0.0563758,0.0390938,0.0967588,0.1255794,0.0033576,1.5880202,3.9686896,5.8983184,7.2728088,7.8557912,7.9526446,8.0029002,8.0523,8.1007
"39",10.0658,0.0065,6.8278988,-3.2378964,6.539748,0.2882,0.2313,0.0074,0.0495,1.8722526,0.1308534,2.8757068,1.5199238,0.1410082,127.1229,68.943,169.4825,315.9455,260.2298,461.9508,81438.6484,72696.1172,10.4533,0.9448,3.664,4.1891,0.2928,4.8261,5.1016,0.2582,0.0805,2.3845,2.667,1.9305,0.0033,0.0026,7e-04,0,0.1616934,0.1881,0.0349422,0.0335936,0.0202064,0.107894,0.003161,1.1181442,3.4669014,5.3880798,7.2341676,7.901994,7.986125,8.0314944,8.089,8.1431
"40",29.5762,0.2736,17.4637176,-12.112538,11.6409524,5.8228,5.0304,0.1764,0.616,3.4442692,0.2334328,5.0495472,2.6663128,0.2473926,117.5948,67.4103,163.6037,324.0314,261.0276,462.5471,81432.7969,72696.1172,9.6648,1.5601,5.9883,7.7969,0.5284,8.5727,9.0533,0.4582,0.1453,4.4336,4.7328,3.4291,0.1368,0.1094,0.0274,0,0.1566398,0.3103,0.001827,0.0652646,0,0.0913742,0.0118366,0.9246532,3.0475228,5.00388,7.164924,8.0555822,8.1623274,8.215044,8.2779,8.3342
"41",77.1378,49.368,54.1156572,-23.0221424,21.6114692,32.5042,26.1025,1.798,4.6037,6.6422292,0.4439824,9.2184402,4.8562032,0.4506134,146.8677,67.6847,165.0479,325.3644,261.502,464.1108,81422.0469,72699.3516,9.8454,1.7757,6.755,15.5305,1.0381,16.1692,17.0358,0.8622,0.2855,8.8273,8.9059,6.4677,10.2495,8.1996,2.0499,28.869,1.0294092,1.5171,0.1228906,0.5033102,0.2627954,0.2633044,0.010704,1.1048044,3.2194772,4.8786508,6.9267902,8.2119444,8.3870138,8.473171,8.5506,8.6211
"42",135.4141,71.0399,124.8969796,-10.5170688,56.3285474,68.5684,52.0205,4.3948,12.1531,16.8795924,1.1629364,24.3501712,12.7520968,1.1837542,177.5468,71.2789,179.6202,305.1821,260.2522,467.3488,81389.1719,72712.4141,13.1975,1.8384,7.1581,40.8139,2.8124,44.1665,46.2587,2.3422,0.7734,23.221,24.1834,17.6666,27.1631,21.7305,5.4326,16.7137,4.4604386,6.1495,0.0558946,2.434865,0.9009926,1.1245814,0.2276214,1.681578,3.6339368,4.6870576,6.3318206,8.5087952,8.850501,9.0177964,9.1446,9.2607
"43",159.6966,57.6954,153.7145532,-5.982028,71.3404856,82.3741,64.21,5.4353,12.7287,19.9965302,1.4811082,31.77566,16.5499014,1.5372838,191.8079,75.1099,194.9061,279.6338,258.3286,468.6898,81346.3281,72725.2031,14.5866,1.9385,7.7925,48.2172,3.5702,57.4433,59.8379,3.0317,0.9818,27.5013,31.2832,22.9773,28.8477,23.0782,5.7695,0,5.6652398,8.0269,0.531458,2.5249886,1.6935336,1.4467126,0.0507614,1.6978726,4.2439946,5.0922772,6.3631376,8.7478906,9.1379974,9.3272016,9.482,9.6249
"44",147.5445,57.9634,158.5849482,11.040513,66.932288,91.6527,72.8969,6.1891,12.5666,17.704915,1.4051894,30.4857612,15.862022,1.4743988,205.1267,78.9379,209.9637,262.1833,256.7042,467.981,81306.6094,72739.1797,15.6635,1.968,8.1263,41.5356,3.2971,53.6477,55.8269,2.8305,0.9067,23.7513,29.1872,21.4591,28.9817,23.1854,5.7963,0,3.640713,6.0556,1.019146,0.6604164,1.6797174,1.3005808,0.0569424,1.469563,4.0831372,4.9046928,6.160574,8.6415008,9.04879,9.2400004,9.4036,9.5547
"45",99.083,40.5276,117.9254922,18.8425344,50.2362054,67.6892,55.0729,3.8682,8.7481,12.7012396,1.0490364,23.2399086,12.118854,1.1271622,208.9638,80.8674,217.2461,257.5854,256.0069,466.4323,81276.3047,72752.4922,16.4268,2.1233,8.929,30.2703,2.5,41.5307,43.3132,2.1974,0.6875,17.3361,22.6454,16.6123,20.2638,16.2111,4.0528,0,4.185119,5.2627,0.4306788,1.4151518,1.56929,1.2006754,0.0301476,0.9682792,3.5225944,4.403008,5.7888476,8.2063582,8.6103326,8.7995,8.9684,9.1234
"46",48.3165,10.8439,77.1825592,28.86611,31.4603596,45.7222,40.8735,1.9142,2.9346,7.8528956,0.6447886,14.6120652,7.6397248,0.7108826,198.3271,79.8374,212.6993,264.6509,256.3083,465.3407,81256.625,72759.3594,16.0587,2.1143,8.8843,18.1969,1.4942,25.3953,26.5551,1.3478,0.4109,10.4192,13.8841,10.1581,5.422,4.3376,1.0844,0,2.0762906,2.5191,0.417814,0.3002366,1.0203928,0.7556618,0.0075978,0.7041574,3.170931,4.2115782,5.6887994,7.7070626,8.0681674,8.2391,8.4019,8.5494
"47",8.4181,0,39.6796034,31.2614768,16.292939,23.3867,21.0758,0.6151,1.6958,4.0834454,0.3235982,7.5592326,3.95826,0.368409,183.2558,77.8434,204.411,278.8891,257.2573,464.8102,81247.4688,72761.75,15.0713,1.994,8.2883,9.4167,0.7462,13.0739,13.6918,0.6951,0.2052,5.3844,7.1587,5.2296,0,0,0,0,0.823794,1.036,0.1532146,0.0952232,0.4602842,0.2682826,0.0031742,1.3297586,3.5697382,5.1223888,6.4082044,7.4491298,7.6922828,7.817,7.9554,8.0797
"48",2.6737,0,22.1310096,19.457307,9.1284932,13.0025,11.1733,0.2876,1.5416,2.4329608,0.1812346,4.1421586,2.170132,0.2020044,167.1221,76.3437,198.2561,295.882,258.1198,464.774,81240.4219,72761.75,16.1337,1.4998,6.1549,5.5219,0.4113,7.0496,7.3867,0.375,0.1131,3.1502,3.8621,2.8198,0,0,0,0,0.2026672,0.3561,0.0449936,0.0319246,0.053162,0.1175782,0.00258,1.0742346,3.4293838,5.6291988,6.9682322,7.54011,7.6455746,7.7139772,7.8139,7.9029
"49",1.6114056,0,5.512529,3.9011246,5.2360856,0.2764436,0.2023574,0.0066338,0.0674504,1.9389886,0.0603148,2.9064154,0.2578682,0.0725,155.0932766,75.7481,194.9142576,307.597,258.5094148,462.4108528,81240.7635048,72761.7973124,12.0288148,0.5953,3.3418292,3.749273,0.119869,4.8403076,0.7831216,0.1173004,0.0329636,2.0325964,0.4443462,2.2079706,0,0,0,0,12.0436324,0.0930886,0.3118508,0.046969,11.7147016,0.2819478,0.0074424,1.4217418,3.8662742,5.3255016,6.5152788,7.3705272,7.4675556,7.5179222,7.5973142,7.6686876
"50",0.8144226,0,3.9632016,3.1487828,3.9630784,0.0001264,8.02e-05,0,2.7e-05,1.4877166,0.0450626,2.1787806,0.1968126,0.0547026,145.1961466,75.2337,192.0501792,317.5798244,258.8555412,460.6947128,81240.8830828,72761.8090624,9.8971324,0.5149,2.8641004,2.8586576,0.0887938,3.6029136,0.5935444,0.0878324,0.024415,1.550576,0.3362968,1.644279,0,0,0,0,0.3250094,0.0579716,0.2021976,0.0301698,0.0334442,0.261387,0.0032788,1.2734258,3.746017,5.1333648,6.4334,7.3376118,7.4437094,7.4868234,7.5532374,7.6129064
"51",15.3430572,0.065865,13.2930872,-2.049973,12.6213972,0.6716866,0.4829268,0.017186,0.1715714,5.0135438,0.14521,6.6903054,0.6045322,0.1678032,133.9593554,73.8814078,184.6291944,325.887355,259.6899758,455.3993792,81243.3137504,72762.71786,11.2697254,1.3593124,7.4472578,10.60973,0.319675,12.168307,1.9962786,0.3013264,0.0879104,5.7391822,1.1337386,5.5449484,0.0329324,0.0262838,0.0066506,0,0.2686256,0.178901,0.0830374,0.0295426,0.0121106,0.2269726,0.0020332,1.0284908,3.4833598,4.9647872,6.3843808,7.4536588,7.585759,7.6348904,7.6974386,7.7523994
"52",36.8107172,13.4817032,26.2599234,-10.550795,18.667099,7.592825,5.8453924,0.3831112,1.3643198,7.6304304,0.2183288,9.679486,0.890845,0.2480044,134.241452,72.4758972,176.0339628,331.208864,260.7858012,448.1248762,81247.2004532,72764.3066712,11.4116754,1.8609084,9.928047,16.2968568,0.4863266,17.7702274,2.9706394,0.4508322,0.133738,8.8074306,1.6881952,8.0897876,1.7882954,1.3328156,0.4554792,9.9051214,0.2244934,0.2812468,0.090158,0.0049398,0.0229772,0.1965832,0.0010712,0.8572946,3.2176212,4.7867088,6.2997514,7.5404458,7.7120066,7.772037,7.834954,7.8908896
"53",66.2739944,55.9047412,52.297994,-13.9759992,21.279158,31.0188364,24.6297824,1.5675852,4.8214666,9.0332506,0.2558358,10.7063122,1.0021514,0.2816076,167.1524128,72.5429598,173.908855,335.1057426,261.7777248,440.6626332,81251.2660638,72766.3625934,13.5439016,1.8509782,9.6592788,19.5833926,0.5805568,19.9641918,3.3960098,0.5213878,0.1596554,10.5693518,1.9326294,9.0750512,9.4928438,7.5666848,1.92616,37.068095,0.457131,0.5789542,0.0371754,0.2497422,0.0161026,0.191291,0.028367,0.9424124,2.9833136,4.5968856,6.2251944,7.6211086,7.828634,7.9023564,7.9718144,8.0330214
"54",109.5459822,42.2146726,90.1558154,-19.3901616,35.2860318,54.8697856,42.0094706,3.3865316,9.4737814,15.4184556,0.4375858,17.3385892,1.6188016,0.4726012,173.3837636,74.813819,180.6550512,326.8598558,262.4359984,429.418185,81256.6461092,72770.644876,14.875992,1.9506166,10.1396692,33.5501872,0.9997208,32.4623392,5.5221952,0.881452,0.2749248,18.0601092,3.1577486,14.7076296,21.1271054,16.9016864,4.2254174,0,1.1759458,1.6919362,0.2523108,0.5121764,0.0491518,0.6146154,0.0606792,0.47125,2.1046388,3.124731,4.9702716,7.6847632,7.9842424,8.0908186,8.1752658,8.2497354
"55",128.5972744,58.6010866,137.2692422,8.67197,69.011448,68.2577958,51.167383,4.556383,12.534029,29.422214,0.906614,34.4269574,3.2564772,0.9991824,186.9534782,78.6435442,193.4082052,288.6863196,262.0591256,405.5918796,81266.1367798,72779.6547678,15.7308234,2.030392,10.6873064,64.897973,2.1026596,65.2232892,11.2843996,1.894509,0.5782316,34.9022292,6.4947308,29.4106266,29.300545,23.4404344,5.8601066,0,2.3283056,5.5892198,1.4982384,0.8173738,0.168648,1.3422828,0.0110048,0.9725178,2.2040486,2.746397,4.2228578,7.8690826,8.3063338,8.4411356,8.5480564,8.6436242
"56",112.6374766,50.0128198,134.2333088,21.595836,72.2999152,61.9333944,47.4093692,3.9261498,10.5978796,29.081085,1.0438672,37.2021092,3.7946626,1.1781956,195.1168638,81.551313,202.2177268,252.5372204,261.4058132,377.3622386,81275.651079,72789.345029,16.8430096,2.093527,11.1956316,64.501932,2.432806,70.6553354,13.217184,2.244741,0.669021,34.8069018,7.6187264,31.7668738,25.006412,20.005126,5.0012814,0,2.5619314,6.378898,1.554708,0.6559124,0.3289526,1.5770682,0.0223576,0.7815056,2.3833658,2.8946214,4.2649472,8.0803226,8.5351074,8.6466954,8.7422604,8.8325416
"57",95.7728684,49.246057,119.5102194,23.737356,63.760114,55.750108,41.9835138,3.4899968,10.2765956,24.4336184,1.0112006,33.4116682,3.7430472,1.160582,202.2497064,84.271166,210.0580388,226.8201748,260.8773058,350.3948432,81283.153297,72798.2455786,17.49018,2.2047492,11.8580948,55.39574,2.4024824,64.6440044,13.2906398,2.2555426,0.6606796,30.0162634,7.6603144,29.0087924,24.6230268,19.6984218,4.924604,0,3.7911574,7.214289,1.2255736,1.5363182,0.490239,1.7646008,0.01337,0.770399,2.370741,2.8976498,4.2323274,8.1049258,8.585244,8.6846588,8.7645578,8.844103
"58",44.7166208,11.7404862,66.4548312,21.7382074,33.6405792,32.8142484,27.94458,1.3702534,3.4994146,12.5138692,0.548059,17.7225784,2.1987118,0.6573644,190.8775534,83.2577328,203.039663,228.9131162,261.5009896,336.7098282,81286.228124,72802.7961858,17.2424028,2.1972192,11.704828,27.1836348,1.2439358,32.7560068,7.4621414,1.2183386,0.3420806,14.7916192,4.279322,14.7158514,5.8702432,4.6864608,1.183782,0,1.3147746,2.1621952,0.6472176,0.0359352,0.366033,0.912804,0.0041588,0.4006746,1.822712,2.466657,3.8047126,7.440593,7.9913308,8.132766,8.2401302,8.3412816
"59",14.224716,2.38199,46.1489202,31.9242052,24.556988,21.5919288,18.8608344,0.6779942,2.053104,9.3803242,0.4012638,12.6275428,1.662133,0.4857292,176.0707874,81.319096,192.6603904,235.8757062,262.4336372,327.5650346,81288.5326726,72805.8835786,15.9977576,2.1850792,11.3238244,20.687033,0.924601,23.6788956,5.7184972,0.9137008,0.2542666,11.2636354,3.2704158,10.6446754,1.1909982,0.9445516,0.246447,0,1.3090868,1.5930116,0.0975108,0.4183434,0.1842962,0.7064466,0.0216194,0.404563,1.7607896,2.526695,3.884409,7.059057,7.6107964,7.775125,7.8973266,8.006458
"60",3.5500516,0,29.5243014,25.9742516,18.513879,11.0104238,8.9074748,0.281076,1.8218702,7.2745974,0.2983538,9.2807312,1.2943524,0.3658434,159.0959732,78.8391596,180.2398066,249.7488014,263.8625016,321.5113822,81291.1671408,72807.012562,16.9748144,2.4799328,12.4205828,15.8941694,0.6790592,17.2243344,4.4028224,0.6800936,0.1867408,8.6631676,2.5074518,7.7556118,0,0,0,0,0.6041372,0.862615,0.1668366,0.1570338,0.124387,0.3227158,0.0019848,0.8101292,2.3272122,3.4614498,4.7927102,6.8985288,7.3476192,7.4992078,7.6182374,7.7204136
"61",1.4340882,0,9.0435002,7.609416,8.3252748,0.7182274,0.5447098,0.0204782,0.153037,3.3788206,0.1328492,4.0654376,0.5854958,0.1626732,145.891792,77.5041782,173.7468662,262.396538,264.7012058,319.1684994,81291.6760152,72807.1626088,13.2041852,1.3349954,6.4929508,7.2506344,0.2961456,7.4061058,1.9542706,0.2963032,0.0814408,3.9525804,1.110474,3.3380242,0,0,0,0,0.2109452,0.2433286,0.0806664,0.005548,0.0475654,0.157852,0.0009532,0.728686,2.521109,3.8249918,5.1625092,6.8866524,7.2333508,7.3580494,7.4645792,7.5551844
"62",4.4784362,0.0021438,5.692896,1.214462,5.641724,0.0511688,0.0359898,0.0013282,0.013851,2.3938328,0.0894766,2.6621194,0.3890358,0.1072648,134.3853774,76.5731946,169.3005434,273.4089714,265.2957628,317.8707224,81291.5104372,72807.1832802,11.5074924,0.931262,4.4471058,5.0824084,0.1971416,4.7958108,1.284938,0.1931282,0.0542134,2.768355,0.7293746,2.1619752,0.0010708,0.000774,0.0002946,0,0.1658974,0.115849,0.0337358,0.0105956,0.01398,0.1413262,0.002673,0.6190996,2.4363608,3.850956,5.2758496,6.965094,7.255471,7.3575706,7.4512828,7.530626
"63",18.0414952,0.1804272,10.7167002,-7.3247968,9.5225286,1.1941724,0.8851688,0.0469134,0.2620982,4.1863826,0.1485376,4.3580006,0.6492648,0.1803422,123.374514,75.167196,162.6379828,282.4467346,266.1844484,316.0554182,81292.0811714,72807.3576402,11.1010728,1.436366,6.7224006,9.0020072,0.3321208,7.9436312,2.1732362,0.329574,0.0913362,4.8933488,1.2349246,3.5701126,0.0902162,0.0598448,0.0303684,0,0.1672318,0.1868096,0.0241004,0.0303378,0.0078604,0.1290332,0.0046902,0.5165546,2.3272444,3.8176318,5.324312,7.0978992,7.3794064,7.4731064,7.5575502,7.627888
"64",32.2649926,25.1894056,23.7921538,-8.4728364,13.7258352,10.0663184,7.8729728,0.6500046,1.5433458,6.1922238,0.2167166,6.1570798,0.9072074,0.252609,135.4790746,74.061553,155.495783,288.7644176,267.3340538,313.7576042,81293.7212196,72807.7341712,10.6200054,1.9259342,8.7867164,13.3775292,0.4874926,11.2987974,3.0518262,0.464066,0.1340588,7.266417,1.7347418,5.0858868,2.471086,1.6490236,0.8220592,20.2953376,0.1716532,0.3078656,0.058497,0.031713,0.0129744,0.1269602,0.0028242,0.5327206,2.233085,3.7646828,5.3282602,7.214628,7.5091806,7.6015914,7.6806926,7.7471762
"65",83.057947,55.345199,58.097903,-24.9600422,18.1043708,39.9935346,30.3870908,2.4117768,7.1946688,8.5154864,0.292146,7.8390026,1.1337668,0.3239654,162.4938258,75.4931006,159.2320276,292.0848196,268.2075646,311.5003566,81295.7155612,72808.598406,13.278148,1.7995964,8.0848552,18.3122032,0.6560402,14.3462362,3.8074616,0.5942568,0.1804122,9.917849,2.171145,6.4483724,15.2840678,12.0065524,3.2775154,25.4047604,0.2451188,0.4954394,0.149286,0.0050974,0.0264186,0.2135976,0.0005986,0.3104374,2.0923322,3.3932808,5.0020852,7.2726588,7.6037856,7.7088808,7.7913066,7.8618682
"66",104.8538804,44.4415858,90.4467728,-14.4071074,37.459071,52.987702,39.697323,3.382045,9.9083314,17.652998,0.6139942,16.2362446,2.2744324,0.6813994,170.4062378,78.0692644,167.6720022,277.1794322,268.5112302,306.5666792,81297.538577,72812.8060462,14.3083746,2.0173026,9.1873286,38.7040568,1.4110822,30.3214512,7.808104,1.279895,0.388048,20.907695,4.4800046,13.5843368,22.2299574,17.6346444,4.5953094,0,1.2681616,2.3784226,0.4814586,0.4535888,0.0614298,0.7531452,0.0095466,0.4572396,1.4618224,2.1401114,3.6315894,7.2917488,7.7732002,7.9263086,8.032172,8.1233126
"67",124.0668672,60.4594076,117.872413,-6.1944552,55.4823636,62.3900498,44.9875684,4.1678452,13.234635,25.0910634,0.959631,24.869183,3.4864002,1.0760818,185.2641698,82.034852,181.8979024,246.116952,268.0389652,296.5005102,81300.399171,72819.5961708,15.3717602,2.1185708,9.9196698,56.6715036,2.2730848,47.8154812,12.3363494,2.084671,0.6250996,30.6430086,7.1062798,21.3704498,30.2318964,24.1473106,6.0845866,0,2.8645686,5.4988584,0.7406506,1.422584,0.1703988,1.2715872,0.1564236,0.9052042,2.0166692,2.4850316,3.7477176,7.5042186,8.0387822,8.1992404,8.317077,8.4209498
"68",121.8448896,56.8348738,119.1079006,-2.736994,58.4646758,60.643219,44.3736798,3.9268564,12.3426862,24.6463516,1.0872226,27.4734418,4.0082394,1.2494172,197.055318,85.4992116,193.9139818,217.1010498,267.3137198,281.9532662,81303.291358,72827.1159542,16.6262788,2.2216542,10.7153478,56.690966,2.6137426,53.622075,14.4002336,2.4573062,0.7187794,30.7688872,8.3059064,23.9350164,28.418935,22.7326236,5.6863118,0,4.0559782,7.2317442,0.788307,1.9836346,0.3399222,1.7324226,0.005279,0.8420784,2.3213946,2.768793,3.9887562,7.7746442,8.277797,8.405061,8.5036142,8.5955114
"69",88.9590652,41.9613556,97.115861,8.1567952,45.2919508,51.82391,39.4617606,3.093893,9.2682542,18.1379996,0.8859824,21.8245992,3.3962418,1.0471282,200.6837776,87.4568854,199.3808866,204.5547922,267.1509378,269.2419274,81304.5255618,72833.2009862,17.3522262,2.2988454,11.257229,41.5003082,2.1167214,42.3073948,12.1208568,2.0456132,0.5820982,22.6150454,6.9809552,18.8864966,20.9821688,16.7253652,4.2568054,0,3.220516,5.2304114,0.46602,1.3759792,0.3903198,1.4542172,0.070256,0.5967754,2.0247466,2.5504112,3.80327,7.6112644,8.1431534,8.2726758,8.367898,8.4592028
"70",42.9463448,12.8085468,61.7690816,18.8227374,29.2567446,32.5123344,27.4779284,1.4129352,3.6214754,11.5783076,0.5768236,14.0673538,2.3334552,0.7008066,190.0922574,86.4969072,193.2184604,207.5992804,267.7891482,261.5367016,81304.6934232,72836.811094,16.9957932,2.3105878,11.216108,25.5137322,1.3256818,26.243114,8.0178304,1.315907,0.3645628,13.936824,4.6010734,11.7316366,6.4047196,5.0540284,1.3506918,0,1.4828602,2.2991414,0.4864238,0.2830756,0.3089232,0.8908584,0.0024292,0.358248,1.6343048,2.2334214,3.4993906,7.135427,7.7073988,7.8640932,7.9790078,8.0843966
"71",21.4333686,4.7486572,42.2197172,20.7863462,19.3299312,22.8897878,19.6341234,0.810453,2.4452142,7.8530284,0.3767766,9.06332,1.5760342,0.4607732,176.6036934,84.8307918,184.7530486,217.1387878,268.794799,257.2704306,81305.4565956,72838.2485336,15.8628858,2.18069,10.3251646,16.9756676,0.8478702,16.5794938,5.309765,0.8472186,0.2331644,9.277097,3.0361314,7.4229768,2.3743706,1.8597936,0.5145774,0,0.6817334,0.972867,0.2589308,0.009742,0.1567788,0.515174,0.001449,0.3892308,1.6256832,2.395408,3.7072576,6.8039844,7.3550116,7.5188016,7.6422572,7.7506578
"72",2.008486,0,18.5198642,16.5113766,9.7025848,8.8172788,7.111281,0.2354546,1.4705454,4.0227332,0.1824464,4.4580632,0.8113892,0.2279576,159.7048022,83.0371198,176.4811112,233.821207,269.9068878,255.4162496,81305.6572812,72838.457518,16.898891,1.7936704,8.27194,8.7571282,0.4125104,8.2071594,2.7446232,0.4212506,0.1134394,4.7908668,1.5618752,3.6833496,0,0,0,0,0.3580548,0.406531,0.0608886,0.0897146,0.0643222,0.204017,0.0010306,0.6163684,2.0849772,3.2185856,4.5759152,6.7126128,7.1370642,7.2677602,7.377002,7.470173
"73",2.5518844,0,4.5724742,2.020591,4.144174,0.4283,0.320588,0.013831,0.0938766,1.814383,0.076712,1.81973,0.3407696,0.0925804,147.8893794,82.1417724,172.4347332,245.9782838,270.4996542,254.8936956,81305.3267658,72838.4763924,11.8154222,0.8953642,4.0463816,3.8392408,0.1682618,3.2554846,1.1214026,0.1658544,0.0462732,2.0974864,0.635337,1.4627788,0,0,0,0,0.152141,0.0880102,0.026248,0.015518,0.0147774,0.1218454,0.0020006,0.5548184,2.1216576,3.3905472,4.8230258,6.8153496,7.1599112,7.260319,7.3484364,7.4219092
"74",7.654445,0.009813,5.5604676,-2.0939808,5.3169098,0.2435594,0.1764504,0.0060986,0.0610098,2.4214022,0.0963698,2.2622726,0.4205352,0.1163236,136.7054334,81.0716752,167.6616966,256.9324102,271.1967044,254.4212784,81304.9756734,72838.517986,11.188858,1.0712568,4.7768048,5.17224,0.2134986,4.0875304,1.3965694,0.2105492,0.0587108,2.821966,0.7930326,1.8366402,0.0049812,0.003808,0.0011752,0,0.1429898,0.1066282,0.017853,0.021065,0.0069674,0.1149586,0.0018808,0.4957834,2.0338548,3.381582,4.8641952,6.9254058,7.2529376,7.3435256,7.4216204,7.4861124
"75",15.4305652,0.2820952,6.8003312,-8.6302318,5.914629,0.8857044,0.6619568,0.0498126,0.1739342,2.7708984,0.1054808,2.453696,0.4582846,0.1262698,126.213096,80.0021352,162.8375166,266.725042,271.91601,254.0765736,81304.6297826,72838.572783,10.6333818,1.121445,4.913324,5.922375,0.233973,4.4363448,1.523689,0.2288818,0.064341,3.2266522,0.8648412,1.991609,0.1411442,0.0892208,0.0519236,0,0.123405,0.114176,0.0266078,0.0089168,0.0053764,0.1091108,0.0007642,0.4645874,1.9188996,3.3189512,4.8269034,7.005225,7.3409986,7.4297554,7.5038456,7.5655748
"76",39.244953,40.083177,28.7591254,-10.4858288,12.116228,16.6428992,12.378712,0.815557,3.448631,5.8318746,0.216304,4.9062226,0.9086468,0.2531772,151.7246676,78.8040034,156.1315768,274.8288738,273.1771522,253.6856376,81304.6394862,72838.808517,11.5994898,2.0566586,8.8195842,12.6238748,0.4870246,8.9984248,3.0604916,0.465687,0.1339316,6.8677898,1.7398032,4.0406624,3.0837916,2.1965704,0.8872238,34.6520056,0.1513788,0.2692492,0.0378908,0.0375336,0.0074718,0.106372,0.0054764,0.4431658,1.8648648,3.2834886,4.8076234,7.1032098,7.4670986,7.5627414,7.6360194,7.6972338
"77",67.2087694,27.734184,53.4771786,-13.731592,16.065231,37.4119478,27.9441748,1.9328468,7.534926,7.997458,0.2880544,6.3053378,1.1481986,0.326179,156.3818266,78.842185,154.8746904,280.024232,274.2786266,253.7082706,81305.6877828,72839.2442662,13.5431288,2.062132,8.6904746,17.347768,0.6515228,11.6048898,3.8834824,0.6028722,0.1791664,9.414533,2.213032,5.2046912,10.7705486,8.4194854,2.3510638,9.638878,0.1898692,0.53688,0.1555926,0.0309374,0.0148314,0.1441076,0.0021724,0.613287,1.951892,3.2223756,4.7305346,7.1668764,7.5649444,7.6750268,7.7544524,7.8212284
"78",110.4653974,46.4742556,88.5250788,-21.9403222,30.174508,58.3505702,41.8399422,3.7112704,12.7993618,15.1466162,0.547768,11.8035698,2.0630078,0.6135492,165.7482448,81.6037342,164.1975214,269.959429,274.8242014,253.7405892,81305.5298768,72842.037093,13.8707108,2.124082,9.0286668,33.282878,1.259904,22.042579,7.0900072,1.1536754,0.3464726,18.0107566,4.0641576,9.8571218,23.698068,18.7202464,4.9778218,0,1.1547574,1.7822036,0.1768698,0.4672568,0.04019,0.6473126,0.0530618,0.3315938,1.2560028,1.9355642,3.3862948,7.1501646,7.67639,7.833444,7.9356748,8.0228976
"79",122.8859128,56.3773724,110.8998278,-11.9860856,47.9723868,62.9274396,45.3666724,4.1133238,13.447453,23.1795134,0.9039944,19.5347964,3.3295648,1.024519,179.1115038,85.0918412,177.0351878,243.6744238,274.6131774,251.4416574,81305.5223308,72847.376904,14.825399,2.2063164,9.6566252,51.09794,2.086357,36.571722,11.4899654,1.933936,0.573747,27.6575682,6.6152534,16.3195166,28.2027372,22.5055032,5.6972388,0,1.317493,3.801343,1.1972998,0.323257,0.1336464,0.8605908,0.0058564,0.695427,1.6340976,2.0994952,3.3307936,7.245406,7.8415354,8.021603,8.1450956,8.2522946
"80",104.9262646,46.8350672,104.0433638,-0.8829032,46.0600798,57.98328,43.21023,3.5794798,11.193576,20.8611124,0.907798,19.810722,3.4236836,1.056768,186.7078546,87.5265876,185.571736,223.7868076,274.4311302,246.1484068,81305.3791414,72852.8395298,15.821151,2.2606826,10.1855708,46.2333602,2.1036654,37.2310266,11.8635136,2.002519,0.5785068,25.1048944,6.83289,16.608618,23.427673,18.7302124,4.6974614,0,1.5309636,3.9083894,1.0236662,0.3147954,0.2078278,1.0083394,0.0858148,0.5482392,1.7319178,2.2249694,3.4509178,7.2786462,7.8705344,8.0456098,8.1716154,8.284061
"81",81.2616426,38.3594222,90.0461518,8.784508,40.2224148,49.823741,37.5036458,2.9379316,9.3821608,17.5473254,0.8219616,17.7271304,3.1571184,0.9688834,189.6271844,89.096266,190.163698,211.5594118,274.487229,240.234684,81304.874454,72857.840232,16.2603488,2.340331,10.6777352,39.5164062,1.933163,33.815063,11.096956,1.8635666,0.531619,21.514255,6.3870828,15.0868808,19.1915326,15.2791536,3.9123808,0,2.1033104,3.9541836,0.6228236,0.7897142,0.2457448,1.067852,0.063896,0.5500832,1.7205982,2.2334208,3.462196,7.2317584,7.826492,7.9982928,8.121419,8.2321184
"82",38.7819174,12.5326848,56.5043292,17.7224156,26.3948884,30.1094446,24.7526946,1.352365,4.0043868,11.213066,0.5392852,11.7918878,2.1942908,0.6563558,179.9581948,88.1026312,184.4418072,213.6391832,275.2363586,236.0315478,81304.1738598,72860.6325764,15.93533,2.346746,10.6351266,24.842723,1.245652,22.1085142,7.5763686,1.2390832,0.3425512,13.5596414,4.3457718,9.8791282,6.2750894,4.920238,1.3548504,0,1.3658018,2.018535,0.2668992,0.3588244,0.2304266,0.776554,0.0019974,0.3152892,1.4350012,2.0310698,3.294794,6.9110344,7.5132948,7.6935488,7.8266068,7.9446764
"83",3.3308964,0,23.0331194,19.7022236,12.456228,10.5768892,8.5823304,0.2767656,1.7177936,5.279769,0.2444394,5.532514,1.090583,0.3089264,165.126149,85.8056028,174.2994554,227.431799,276.6349736,234.240708,81304.3771558,72860.979999,14.8320464,2.2970292,10.1423526,11.5263208,0.5538644,10.2059296,3.6987126,0.5722672,0.152313,6.3081706,2.1068758,4.5764436,0,0,0,0,0.3353364,0.5676478,0.1412594,0.0354958,0.0907764,0.2090626,0.0016268,0.6643098,1.877381,2.8682862,4.18301,6.6930586,7.2167162,7.3782978,7.5062652,7.6161052
"84",2.2892186,0,12.7868842,10.4976664,7.07276,5.7141264,4.565736,0.1647266,0.983665,3.1120032,0.1359956,3.04156,0.6129624,0.1702304,149.9545324,84.2225842,167.4960352,242.9599526,277.6779216,233.5396178,81303.8621392,72861.066249,15.1716182,1.5830264,6.8034148,6.684408,0.3026672,5.5192034,2.043817,0.3096924,0.0832304,3.6567858,1.1612702,2.478137,0,0,0,0,0.2019222,0.2197276,0.072222,0.0074536,0.045787,0.1486734,0.0009552,0.55842,2.0105108,3.1842668,4.5574606,6.700533,7.1143418,7.2382246,7.3400908,7.4253422
"85",1.8332176,0,2.4417688,0.6085496,2.2614326,0.1803382,0.1299512,0.0074716,0.0429158,1.030228,0.0422376,0.9433764,0.192768,0.0528212,140.4902454,83.6377848,165.0209772,252.8663434,278.0851406,233.4097578,81303.700249,72861.066249,9.4642898,0.5847964,2.4750646,2.12117,0.0898188,1.639858,0.61719,0.0918262,0.0247014,1.1599566,0.3499198,0.7371932,0,0,0,0,0.1233514,0.0428644,0.0288616,0.0034304,0.0091362,0.1107718,0.0006486,0.477764,1.8766522,3.1438786,4.5850028,6.775218,7.1472124,7.244693,7.325831,7.3923404
"86",3.6855596,1.8e-06,2.1305558,-1.5550036,2.097226,0.033328,0.0237382,0.0008396,0.0087492,0.9794374,0.038584,0.8558026,0.1755,0.0479014,131.9993594,83.0843514,162.6977,261.7495084,278.4732594,233.342088,81303.5763576,72861.066249,8.4908802,0.5534066,2.3232796,2.0157624,0.0820658,1.4878508,0.5621042,0.0832688,0.0225682,1.1015028,0.318521,0.6690552,2.2e-06,1.6e-06,4e-07,0,0.106934,0.0331976,0.021932,0.0028282,0.0025888,0.1015096,0.000533,0.4316328,1.7518194,3.0419456,4.542302,6.8740078,7.2423614,7.3266726,7.3971512,7.4547912
"87",12.7488312,0.0011338,3.7407534,-9.00808,3.5488454,0.1919074,0.1348248,0.0055968,0.0514888,1.73014,0.065451,1.393264,0.2818678,0.0781192,122.7387522,82.3643624,159.7025456,270.4592284,278.9419574,233.3697862,81303.2464048,72861.068124,9.2611666,0.7201086,2.9955974,3.6553812,0.1434102,2.4906844,0.9268298,0.1399358,0.039439,1.9917684,0.5263862,1.1186016,0.0010866,0.000857,0.0002252,0,0.099383,0.0583726,0.0184226,0.0039576,0.0013162,0.0941084,0.0009824,0.3950458,1.6379514,2.9386926,4.461384,6.93384,7.339979,7.4332536,7.5007628,7.556066
"88",29.086575,3.6458762,13.2428942,-15.8436786,7.0160116,6.2268832,4.4702064,0.5495092,1.2071646,3.5168478,0.1281536,2.68112,0.5396448,0.1502448,115.0827134,81.8612418,155.4291954,277.8372218,279.7540468,233.6303386,81302.8478416,72861.15564,9.4824796,1.2940336,5.3018968,7.6006254,0.2878442,4.9055898,1.8139688,0.275757,0.079159,4.134935,1.0310758,2.202267,1.8474492,1.0491388,0.7983076,0.008603,0.1401242,0.1592476,0.0118642,0.0489828,0.0013042,0.0898368,0.0018444,0.3776262,1.5522462,2.8508026,4.4102648,7.0055504,7.451958,7.5595468,7.6310808,7.6882196
"89",60.2095686,52.232263,58.1632302,-2.0463414,15.3366934,42.8265358,25.4744296,3.0441652,14.307941,7.9431622,0.2847172,5.6712234,1.119888,0.3177082,145.4549752,83.0052538,154.1732094,280.7834664,280.9642554,234.7075092,81303.1317962,72861.5202506,11.1082328,2.178001,8.6857612,17.1745322,0.6410618,10.3956204,3.7732154,0.5847612,0.1762922,9.323045,2.1497478,4.661428,17.07279,12.2482942,4.8244964,40.2684562,0.1281958,0.4066876,0.1431742,0.028064,0.0039488,0.0961824,0.0257618,0.5728894,1.5210814,2.7366962,4.3030032,7.1243062,7.6078828,7.7227008,7.7947242,7.8528404
"90",98.4877112,42.9534756,73.487488,-25.0002228,22.1228482,51.364639,32.9190096,3.2050426,15.2405888,11.5906236,0.4137214,8.1120114,1.5537552,0.4527376,154.864072,85.1051282,161.7287032,277.2451608,281.8999458,236.4220866,81303.6307798,72862.6129192,12.804976,2.2218546,8.8621626,25.5387418,0.9528824,15.1766102,5.345232,0.852522,0.262044,13.8349042,3.0562492,6.7938718,23.7991874,18.861785,4.9374,2.2550136,0.7576948,1.09405,0.0666622,0.445468,0.011861,0.3003664,0.032265,0.3454284,1.3502918,2.22592,3.7885666,7.2025352,7.7471286,7.8851036,7.9679898,8.0357712
"91",116.8643898,55.254402,95.5684166,-21.2959764,42.2912964,53.277117,35.6703396,3.5108904,14.0958816,21.4443556,0.8092134,16.1793358,2.9554344,0.9029628,168.523536,88.327618,174.2859434,253.1809448,281.9652122,237.600138,81302.8042796,72867.1330176,13.9677186,2.3029478,9.5445218,47.9218304,1.8922494,30.6910664,10.3255836,1.7270168,0.520367,25.9291602,5.9399494,13.6989542,27.6838976,22.1471176,5.5367804,0,1.8917636,3.4525898,0.4698328,0.9553356,0.0665656,0.8698628,0.0027504,0.4794764,1.3248996,1.7954744,3.0495248,7.2074822,7.8689996,8.061538,8.1757712,8.271934
"92",104.1866388,52.8978078,102.1541982,-2.0324412,47.7111772,54.443025,38.085929,3.5085786,12.848515,22.713857,0.9573548,19.4391362,3.5097998,1.091028,179.9450774,91.4217806,186.0379614,228.074048,281.6334182,235.4065644,81302.1851396,72872.4228104,15.0273626,2.1956224,9.4070942,49.8706962,2.1980772,36.1903674,12.0533156,2.0483526,0.6044706,27.0483792,6.9484152,16.1361728,26.4687702,21.1750148,5.293756,0,1.0287312,3.1489308,0.793648,0.0151738,0.159765,0.8537528,0.0030072,0.6479144,1.732118,2.1596458,3.3279196,7.240077,7.8917434,8.0894628,8.2210732,8.3358662
"93",71.8079018,33.1860884,80.4567538,8.6488516,40.7141714,39.7425808,29.21116,2.3197944,8.2116282,18.2039938,0.8449752,17.4454584,3.2267646,0.992979,180.824684,92.3141098,188.6143946,214.4435522,281.7503972,231.0505646,81301.1914222,72877.2129222,15.7134228,2.4399366,10.6843536,40.394291,1.9569926,32.7815662,11.1801028,1.8812152,0.5381736,21.9889572,6.4365986,14.6229118,16.6018862,13.267862,3.3340248,0,1.4799942,3.554482,0.9434868,0.3170956,0.2092456,0.9536554,0.038715,0.390164,1.5925962,2.0909726,3.3186956,7.1686992,7.8001336,7.9897302,8.1231944,8.2421688
"94",17.9888758,0.8132526,37.531297,19.5424246,18.5408068,18.9904934,16.6622194,0.5616686,1.7666048,8.0323198,0.3771236,8.0833904,1.585022,0.4629504,166.3169506,89.9840702,178.5271914,222.3548044,282.93787,228.7571056,81301.7126096,72878.2193438,14.914354,2.4186726,10.4052064,17.7710226,0.8684492,15.1252532,5.4581478,0.8714712,0.238825,9.7105436,3.1212352,6.7686604,0.412713,0.3228684,0.089846,0,0.9886418,1.220068,0.0754444,0.310812,0.1558556,0.5219758,0.0201738,0.331127,1.463593,2.182007,3.475487,6.7843662,7.3923078,7.5784016,7.7259192,7.8561184
"95",4.9057654,0.0768372,21.4760114,16.570249,11.223967,10.2520464,8.4550106,0.2979786,1.4990552,4.9444526,0.2228786,4.8063376,0.974496,0.275798,152.6806152,87.8435762,169.5811446,234.5019144,284.258023,227.671176,81301.566344,72878.4800626,13.6747512,2.1491544,8.9758118,10.8259226,0.5066024,8.894403,3.3144584,0.512573,0.1393138,5.9205858,1.8878868,3.9881774,0.038421,0.0297612,0.0086576,0,0.356561,0.5037958,0.0757918,0.0809202,0.0787776,0.1968632,0.00103,0.571244,1.760726,2.7796056,4.1171386,6.6449322,7.1702322,7.330366,7.4703068,7.5916944
"96",2.1418908,0,11.0281768,8.886282,5.0723626,5.9558138,4.5763068,0.1801224,1.199385,2.315029,0.0982006,2.1026596,0.4358364,0.1206392,138.2456174,86.6364012,164.6525702,249.1136326,285.067531,227.4024836,81300.9876886,72878.4851876,14.4350068,1.2071684,4.928588,4.9327524,0.2165528,3.7853286,1.4423632,0.2176092,0.0595534,2.6973866,0.819107,1.6999848,0,0,0,0,0.1512736,0.1173778,0.035838,0.0058518,0.0216262,0.1237956,0.0008188,0.4507992,1.7579616,2.9433766,4.356336,6.6902702,7.1510944,7.2793382,7.3851826,7.4735602
