"","GPP_sd1","NPP_sd1","Reco_sd1","NEE_sd1","Rh_sd1","Ra_sd1","Rleaf_sd1","Rstem_sd1","Rroot_sd1","Rh4_sd1","Rh5_sd1","Rh6_sd1","Rh7_sd1","Rh8_sd1","QC1_sd1","QC2_sd1","QC3_sd1","QC4_sd1","QC5_sd1","QC6_sd1","QC7_sd1","QC8_sd1","QCt1_sd1","QCt2_sd1","QCt3_sd1","QCt4_sd1","QCt5_sd1","QCt6_sd1","QCt7_sd1","QCt8_sd1","QCt9_sd1","QCt10_sd1","simuCH4_sd1","prod_sd1","oxid_sd1","diff_sd1","ebu_sd1","pla_sd1","conc1_sd1","conc2_sd1","conc3_sd1","conc4_sd1","conc5_sd1","conc6_sd1","conc7_sd1","conc8_sd1","conc9_sd1","conc10_sd1"
"1",0,0,0.00328907834562159,0.00328644276697561,0.00328792771922819,0,0,0,0,0.000891247565058255,7.27247474309048e-05,0.00147977987716023,0.000782732845273993,7.6962538440668e-05,0,0,0,0,0,0,0,0,0,0,0,0,0,0,0,0,0,0,0.00734480122607174,0,0.00214123795968594,0.00219927880741103,0.00766968972019341,0.00171207092980603,0.000528936420918183,0.0280942886463682,0.0575339730555396,0.0674789081225693,0.0147081755592877,0.00134215980020746,0.000126873833775696,2.19042913559025e-05,0,0
"2",0,0,0.00290186007918928,0.00290702319192398,0.00290728430329783,0,0,0,0,0.000808962423120002,6.64466064984019e-05,0.001286330227642,0.000681623137085357,6.7711509249541e-05,0,0,0,0,0,0,0,0,0,0,0,0,0,0,0,0,0,0,0.00877382470761754,0,0.00206726384333974,0.0022447413294996,0.00942529071437614,0.00136914926029622,0.00124691903133566,0.0316860095788394,0.0546576085991491,0.0961508208099351,0.0195989386179327,0.0017087448876029,0.00015208981928884,4.22952584680665e-05,0,0
"3",0,0,0.00355004623671699,0.00355053261049405,0.00355495542599458,0,0,0,0,0.00101556522551373,7.69297199928762e-05,0.00156424571166574,0.000832566920293888,8.10038033774724e-05,0,0,0,0,0,0,0,0,0,0,0,0,0,0,0,0,0,0,0.0105077487521535,0,0.00264519747787754,0.00226360220654932,0.0111841852179718,0.00151013946777151,0.000777701222783655,0.0335668158643731,0.0574072069086322,0.0886730479077635,0.0216210758335939,0.0021407397475328,0.000203452523437059,4.3519413988823e-05,0,0
"4",0,0,0.00222947450437476,0.00222288373992257,0.00221986349566675,0,0,0,0,0.000647138222320285,5.31816023478515e-05,0.000966018068718638,0.000513198526179454,5.41229427257266e-05,0,0,0,0,0,0,0,0,0,0,0,0,0,0,0,0,0,0,0.00748457835360905,0,0.00103572548135463,0.00275889818440609,0.00782411520798862,0.00183046359420147,0.00303606254177607,0.0228982734782085,0.0473083167352553,0.0628041516996056,0.0181189573974806,0.00215510926859789,0.000229841842855582,4.67531665863222e-05,0,0
"5",0,0,0.0102242405561242,0.0102152317940446,0.0102131297451819,0,0,0,0,0.00304709565310837,0.000213813380348777,0.0044161658949954,0.00233129261409312,0.000214737330737184,0,0,0,0,0,0,0,0,0,0,0,0,0,0,0,0,0,0,0.0208340635993223,0,0.00683218608255562,0.00537567435281145,0.0231608264711837,0.00616999091399557,0.00140782050910568,0.0246499290264719,0.0497629775977477,0.0310972351072106,0.00845248603678347,0.00154820554321462,0.000207074377893248,5.02116731567508e-05,0,0
"6",0,0,0.00998609513070971,0.00997582512219851,0.00998408309017477,0,0,0,0,0.00288932203435015,0.000213200716355587,0.00438308629330355,0.00229904327927946,0.000208648851984228,0,0,0,0,0,0,0,0,0,0,0,0,0,0,0,0,0,0,0.0256047856953549,0,0.00774526737218714,0.00584665068585632,0.0273988203683253,0.00660174839100838,0.00131028372284152,0.0217628140587925,0.0483919665258855,0.0245712030473056,0.00501710317239184,0.000850430669268413,0.000150541111536804,2.38683256579626e-05,0,0
"7",0,0,0.00593270340544377,0.00595615495249925,0.0059573504381082,0,0,0,0,0.00161791235981439,0.000133828625525777,0.00268088990953961,0.00140757115829226,0.000129271462864421,0,0,0,0,0,0,0,0,0,0,0,0,0,0,0,0,0,0,0.0413563690818762,0,0.00350039233010336,0.0105746036055325,0.0430452130047728,0.00497076869449196,0.00127239970532101,0.0135527700400167,0.0157981650897191,0.00881317488281896,0.00279105714739059,0.000467370681082243,0.000113079037345411,4.94311070422558e-05,3.588702812818e-05,0
"8",0,0,0.00572156332383687,0.00572256776440287,0.00572263942776429,0,0,0,0,0.00139834823194283,0.000120817919602046,0.00267860566019471,0.00139939777812282,0.000125444663642421,0,0,0,0,0,0,0,0,0,0,0,0,0,0,0,0,0,0,0.0355160434795944,0,0.00252000701458058,0.0103704893565805,0.0384960510109069,0.00509272366651032,0.000654281933484983,0.0115648881262958,0.00617842155645701,0.0019272870449249,0.00069519200167432,0.000229999999999943,6.10596661329347e-05,0,0,0
"9",0,0,0.0164436305558899,0.0164548116753953,0.0164549059645757,0,0,0,0,0.0038038092284531,0.000353161765092442,0.00780551339720456,0.00412470458078969,0.000379072499129036,0,0,0,0,0,0,0,0,0,0,0,0,0,0,0,0,0,0,0.0361864511728471,0,0.0149318707346522,0.0074498508560761,0.0369955814451489,0.00462294879439039,0.000686577664134866,0.0137508420311506,0.0165588895836172,0.0085117968642694,0.000897784028381057,9.91427906065618e-05,4.64823198718905e-05,3.77525168067757e-05,0,0
"10",0,0,0.0154067886126057,0.0154105664917279,0.0154077468380768,0,0,0,0,0.00359306290093854,0.0003258245174348,0.00727905532776377,0.00386288673654744,0.000357571777070809,0,0,0,0,0,0,0,0,0,0,0,0,0,0,0,0,0,0,0.0225744770513386,0,0.0131368542811451,0.00756194593095099,0.0226820904742669,0.00541074090783482,0.00122712236265553,0.0327514320606016,0.0359975321685004,0.0200825054777193,0.00308958236529134,0.000187085568927714,0,0,0,0
"11",0,0,0.00823942842726844,0.00823845528327642,0.00824260917796092,0,0,0,0,0.00193977505724947,0.000168687745718405,0.00387813086291566,0.0020637565043122,0.000192114759474854,0,0,0,0,0,0,0,0,0,0,0,0,0,0,0,0,0,0,0.0186694827691794,0,0.00652757716433622,0.00238545677814628,0.0196547518093429,0.00400766235800343,0.000171399468429099,0.0206666534457436,0.0727450534678504,0.0339000866480821,0.00623980210447657,0.000421876519825264,3.07482445913606e-05,0,0,0
"12",0,0,0.00456946121086248,0.00456268074223446,0.00456286238356073,0,0,0,0,0.00113643248276297,9.62897563176727e-05,0.00210632980620922,0.00111972038356626,0.00010411241011231,0,0,0,0,0,0,0,0,0,0,0,0,0,0,0,0,0,0,0.0104468381954938,0,0.00327959886066401,0.00166568941046079,0.0108449897196909,0.00215122328366016,0.00025688695780617,0.0447438704114199,0.184324118691269,0.0557920386775567,0.0107341999932436,0.000824263368717834,6.7239959259643e-05,0,0,0
"13",0,0,0.00466853761196625,0.00467324330955519,0.00467206732949275,0,0,0,0,0.00121487871947378,0.000100398197094355,0.00211895986490805,0.0011338750933294,0.000108413723086766,0,0,0,0,0,0,0,0,0,0,0,0,0,0,0,0,0,0,0.005906992603361,0,0.00257416437358266,0.00121229850976056,0.0062315054847172,0.00255091090880228,0.000331321199704663,0.0384558854698826,0.0986626431202547,0.0600788326814331,0.0139175804817018,0.00123640077187252,0.000108706815412787,1.71446607997366e-05,0,0
"14",0,0,0.00353374654530638,0.00353637647682744,0.00353737276246162,0,0,0,0,0.000958947234199997,7.70346898114228e-05,0.00158619390715984,0.000842674913653538,8.42315231665029e-05,0,0,0,0,0,0,0,0,0,0,0,0,0,0,0,0,0,0,0.00707142856997099,0,0.00223664702154584,0.00115439038965039,0.00705760389418907,0.0017875224092683,6.74199862463241e-05,0.0298611835300977,0.0575607615367176,0.0612023980846595,0.0142597823591138,0.00145576492441314,0.000149946118268723,3.37997668988843e-05,0,0
"15",0,0,0.00179226029630096,0.00179253756141698,0.00179323757770709,0,0,0,0,0.000490865037305075,3.97466725625886e-05,0.000791288426389148,0.000426281786634309,4.86587789373741e-05,0,0,0,0,0,0,0,0,0,0,0,0,0,0,0,0,0,0,0.00440974254270352,0,0.00089351422863191,0.00128466440219328,0.00458464719460395,0.00128370360655992,0.000201268703252867,0.0178649223481394,0.0466129865612751,0.0866968997383553,0.0174594816357731,0.00163301295559199,0.00016978596151413,3.37997668988843e-05,0,0
"16",0,0,0.00285450485720347,0.00285479642466196,0.00285355334042781,0,0,0,0,0.000811270981892372,6.74199862463243e-05,0.00125754289843893,0.000668025887117129,6.58970730945107e-05,0,0,0,0,0,0,0,0,0,0,0,0,0,0,0,0,0,0,0.00898146975666561,0,0.00202353426190191,0.0043288760292676,0.0104261208490788,0.00183532646478038,0.0016652948900141,0.0223114506996572,0.0575295881361157,0.120738616967699,0.0251950364680479,0.00220375689322666,0.000202197523189269,0,0,0
"17",0,0,0.00847673053754029,0.00847628754261265,0.00847606368283981,0,0,0,0,0.00249813566849004,0.000180624617716538,0.00367587329004211,0.00194879164840391,0.00017687237880413,0,0,0,0,0,0,0,0,0,0,0,0,0,0,0,0,0,0,0.0165304964269441,0,0.00457925438331075,0.00418451932964851,0.0189813404120569,0.0068409990262218,0.00100873157675339,0.00633447286399164,0.0670655732485119,0.0592872490081088,0.0165429907034412,0.00228431166831064,0.000243001018412352,4.40844002275781e-05,0,0
"18",0,0,0.0068009295264875,0.0068004408650907,0.00679583435984619,0,0,0,0,0.00193512560602951,0.000143755544469306,0.00298952717453299,0.00158057526926693,0.000147610598836547,0,0,0,0,0,0,0,0,0,0,0,0,0,0,0,0,0,0,0.0272700795078348,0,0.00187028302292958,0.00922848964956461,0.0296719915377816,0.00634872730425858,0.00149561784131934,0.0185080277149941,0.0372838511227777,0.0333365957645906,0.00880973038718835,0.00154337423860969,0.000219678369118188,4.16333199892256e-05,0,0
"19",0,0,0.00729408339171162,0.00729705039344283,0.00731172132174587,0,0,0,0,0.00193847253206612,0.000164590093838885,0.00330916373823713,0.00173986966886774,0.000166299595776867,0,0,0,0,0,0,0,0,0,0,0,0,0,0,0,0,0,0,0.0385516680717075,0,0.00355660375963225,0.00902261267006067,0.0407084993359104,0.00541755806185179,0.00175289976203934,0.0122666427453653,0.0167299046046536,0.0104813390693589,0.00324670384522303,0.000823912812882751,0.000146814663622529,1.71446607997366e-05,0,0
"20",0,0,0.00986944146076516,0.00987388039938778,0.00986513557940267,0,0,0,0,0.0023998474278104,0.000214843142216828,0.00460973322482327,0.00243790686839946,0.000220401378572723,0,0,0,0,0,0,0,0,0,0,0,0,0,0,0,0,0,0,0.040479207482161,0,0.00660754657321246,0.00908160595195952,0.0433728790533178,0.00544879784721346,0.000708664984746714,0.0150416819860578,0.0111801506558216,0.0059151552486948,0.00117778254239555,0.000365948332170241,7.83349451798815e-05,0,0,0
"21",0,0,0.0183026331383757,0.0183126850940415,0.0183089284120055,0,0,0,0,0.00425862155817554,0.000389937834983359,0.00865381909034896,0.00458980105640467,0.000423753072751901,0,0,0,0,0,0,0,0,0,0,0,0,0,0,0,0,0,0,0.0316853208851664,0,0.0155767820940026,0.0106582229363819,0.0296831159027648,0.004086584481847,0.008907305536423,0.00231166104082687,0.0210252541751892,0.0143317874783026,0.00193760734469661,0.000200652974464872,4.99999999998835e-05,0,0,0
"22",0,0,0.0148881069408712,0.0148869982932024,0.0148920260678004,0,0,0,0,0.00351198510730604,0.000305379379881107,0.00699568582785274,0.00372877914864823,0.000345148189517578,0,0,0,0,0,0,0,0,0,0,0,0,0,0,0,0,0,0,0.0114526931683373,0,0.0133374614821516,0.00948733211746436,0.00174560226647632,0.00252688893241624,0.00126598865426483,0.00432886611229567,0.061400774935063,0.0330598240109708,0.00510448119624593,0.00032755445225475,3.86122919664469e-05,0,0,0
"23",0,0,0.00803008704683803,0.00803270436365853,0.00803116272699488,0,0,0,0,0.00192121699645686,0.000167319931854986,0.00376040227269971,0.00200272945065609,0.000191422110119035,0,0,0,0,0,0,0,0,0,0,0,0,0,0,0,0,0,0,0.00988444262771584,0,0.00594961198972528,0.00240063354432563,0.0102301513165542,0.00480787443322479,0.000771127339508446,0.0308703243464095,0.119311968711348,0.0664625066249287,0.0115669928781177,0.000744621115776795,6.27967701672266e-05,0,0,0
"24",0,0,0.00401394777839438,0.00401082323598322,0.00401050438904457,0,0,0,0,0.00102152342166495,8.63163081375989e-05,0.00183832900628628,0.00098076655239816,9.46818169694939e-05,0,0,0,0,0,0,0,0,0,0,0,0,0,0,0,0,0,0,0.00771496643354377,0,0.00235691889267889,0.00205316483960394,0.00783092006669134,0.00240440588852375,0.000536671372085527,0.0302901457456535,0.066727474835931,0.0953833106973959,0.0196533776365604,0.00154999999999998,0.000117447602759339,1.96946385566473e-05,0,0
"25",0,0,0.0025317028245667,0.002534534005742,0.00253311223118072,0,0,0,0,0.000675943784644824,6.17178329909023e-05,0.0011436800428459,0.000613592665859011,6.57128740672699e-05,0,0,0,0,0,0,0,0,0,0,0,0,0,0,0,0,0,0,0.00482795144461035,0,0.00143628167519642,0.00169789055101686,0.005236514667084,0.00173847576336226,0.000134224295923509,0.0264748682811653,0.0708382320658994,0.160125805767613,0.0314265955052485,0.00241541765006434,0.000193372514316114,4.09360180739378e-05,0,0
"26",0,0,0.0037674763141628,0.00375905425458174,0.00376292600527995,0,0,0,0,0.00104116096815825,8.22413300210823e-05,0.0016707159899851,0.000892858308801549,8.7131619931673e-05,0,0,0,0,0,0,0,0,0,0,0,0,0,0,0,0,0,0,0.00869708670600203,0,0.0025109626308118,0.0021936372636433,0.00929814253200361,0.00196785172308292,0.000514849198280134,0.0345450295361947,0.0761203508208607,0.129506509625399,0.0346450879227015,0.00343526262357467,0.000295657117812432,0,0,0
"27",0,0,0.00387732217809237,0.00386984143438365,0.00387791193944642,0,0,0,0,0.00109847276900358,8.51380340886913e-05,0.00170820332099504,0.000910727869632429,9.36089005523945e-05,0,0,0,0,0,0,0,0,0,0,0,0,0,0,0,0,0,0,0.0098503199968531,0,0.00281942665566364,0.00193493559520098,0.0104034083381604,0.0018563598027246,9.00953479219193e-05,0.0357287334641111,0.0715139353235056,0.0801130657826231,0.0244546973447275,0.00324074501971824,0.000347136918814509,4.99999999998835e-05,0,0
"28",0,0,0.00161538405853396,0.00161298268165322,0.00161166549152288,0,0,0,0,0.00046463953661943,4.4084400227676e-05,0.000701150569572716,0.000375054204836613,4.57816513022332e-05,0,0,0,0,0,0,0,0,0,0,0,0,0,0,0,0,0,0,0.00608024280150493,0,0.000313661981094041,0.00267166123177579,0.00544078305044597,0.0014234245233722,0.000114662438258894,0.0293782027869286,0.0528244400889122,0.0486020770641492,0.016158030776857,0.00246658476522509,0.000318132175059481,3.26598632370329e-05,3.26598632370329e-05,0
"29",0,0,0.0053184561441808,0.00531831445919361,0.00532033368361879,0,0,0,0,0.00160626142255104,0.00011200198410942,0.00227422625314745,0.00120749971244533,0.000111916274621928,0,0,0,0,0,0,0,0,0,0,0,0,0,0,0,0,0,0,0.0148456800845134,0,0.00389959024006421,0.00557181534714013,0.0174182004834256,0.00377128973464334,0.00233529333264473,0.0285922381923571,0.0579114019495088,0.0439930031626931,0.0104571180146213,0.00168581095792455,0.000245640782321258,4.99999999998835e-05,0,0
"30",0,0,0.00687766660865518,0.00687331915173575,0.00687977595359858,0,0,0,0,0.00204975756142181,0.000147928456636423,0.00296403952453905,0.00157231701895018,0.000148565531573485,0,0,0,0,0,0,0,0,0,0,0,0,0,0,0,0,0,0,0.0234059213780521,0,0.00265060980214597,0.00724420569570025,0.0263740882172812,0.00600376111073279,0.00205185306737617,0.0233360712462942,0.0606000901422805,0.0330779167537449,0.00672544542477419,0.00102694752160048,0.000178308551096058,2.72659924343655e-05,0,0
"31",0,0,0.00714623189541314,0.00715306948311726,0.00715253320950932,0,0,0,0,0.00201584631448854,0.000155427075368388,0.00316152037967663,0.0016682404690648,0.000157822941323736,0,0,0,0,0,0,0,0,0,0,0,0,0,0,0,0,0,0,0.0334940342042091,0,0.00280980534211999,0.0101837265707936,0.0377763204650583,0.00667836632475913,0.00140730381950879,0.0152548122561275,0.0268097411062064,0.016324142002605,0.00456498133024161,0.000619105741527205,0.000102863054985082,4.22952584680665e-05,2.1904291355708e-05,0
"32",0,0,0.0133519661851762,0.0133484115878704,0.0133512686568535,0,0,0,0,0.00349321073113568,0.000284544647754335,0.00608166801614391,0.00319364441453097,0.000301610157104609,0,0,0,0,0,0,0,0,0,0,0,0,0,0,0,0,0,0,0.0390549919855311,0,0.0108348101091348,0.00687147522131687,0.0414194905933197,0.00642689707873139,0.000458164982855687,0.016694725956046,0.0243712533717306,0.0124666595365399,0.00247243612739345,0.000364443674549533,6.87184270934675e-05,0,0,0
"33",0,0,0.0128903763335368,0.0128796572825979,0.0128818351083057,0,0,0,0,0.00318322370111063,0.0002743293014911,0.00598984629067064,0.00314735033661883,0.000286920254292398,0,0,0,0,0,0,0,0,0,0,0,0,0,0,0,0,0,0,0.0491527884265075,0,0.00934973645174942,0.00627164623242147,0.0520565187313197,0.00676642065532795,0.000885904776331674,0.019980513006427,0.0270074276913787,0.0127560433291103,0.00222576714728641,0.000255445738371959,4.64823198710648e-05,0,0,0
"34",0,0,0.00986034169711353,0.00986059682255433,0.00986332990260784,0,0,0,0,0.00239947384804967,0.000203514573969959,0.00460871057144119,0.00243143948717589,0.000226726819112873,0,0,0,0,0,0,0,0,0,0,0,0,0,0,0,0,0,0,0.0244598841849963,0,0.0047297976551419,0.0107554100081979,0.0285833259828597,0.00814778795041013,0.00166198706676707,0.0228315017845383,0.0490241025445956,0.0235954997207244,0.00369508805816259,0.00028337789310928,5.00908265960866e-05,4.96044963747702e-05,0,0
"35",0,0,0.00572178329198222,0.00572361756058146,0.00572405556587394,0,0,0,0,0.00140793422711385,0.000115714731084239,0.00266345469439429,0.00140622677309655,0.000132954005869583,0,0,0,0,0,0,0,0,0,0,0,0,0,0,0,0,0,0,0.0160281937204226,0,0.0032809249742822,0.00456310810254979,0.0183489387026921,0.00401285044411933,0.00115584417530035,0.0374042391996015,0.111842525815577,0.0408989942209197,0.00749614978613436,0.000520003884989377,4.39926531977409e-05,2.56432399975645e-05,0,0
"36",0,0,0.00396154443915954,0.00396255197843754,0.00396067678636646,0,0,0,0,0.0010301044371884,8.22658906696988e-05,0.00181277286347337,0.000953939201416946,8.9188258501587e-05,0,0,0,0,0,0,0,0,0,0,0,0,0,0,0,0,0,0,0.00929802064306097,0,0.00240456216220733,0.00246028227829428,0.00902977677945965,0.00243510023023964,9.83654287631461e-05,0.0426340248717814,0.100131785405459,0.0626607369454386,0.0131479806030962,0.0010283943550482,7.89514618822258e-05,3.14466037734487e-05,0,0
"37",0,0,0.00289422901930059,0.00288963228585831,0.00288861645957113,0,0,0,0,0.000785563556314884,6.03022689155461e-05,0.00129878381339599,0.000686577664134881,6.96020433927325e-05,0,0,0,0,0,0,0,0,0,0,0,0,0,0,0,0,0,0,0.00599226260365074,0,0.0015033887646839,0.00129245831068104,0.00555551814128816,0.0017540979436621,0.000782474706726464,0.0257479714019014,0.0578863638100677,0.0780600013910563,0.0163692578026647,0.00144868418179594,0.000119472747410197,0,0,0
"38",0,0,0.00313484876312668,0.00312851725295232,0.00313192279662838,0,0,0,0,0.00087583495516385,6.58357306813389e-05,0.00139640917565682,0.000736721511738699,7.7198419411246e-05,0,0,0,0,0,0,0,0,0,0,0,0,0,0,0,0,0,0,0.00727102843794841,0,0.0022690493270277,0.00169260870918953,0.00769007460787914,0.00147095653617404,9.54468491365797e-05,0.0235678486695135,0.0566502176126055,0.120019790771221,0.0236832420828643,0.00199005202713572,0.000178690523056743,0,0,0
"39",0,0,0.00202607522271038,0.00202440139549967,0.00202292417609323,0,0,0,0,0.000575256640135707,5.02418393795636e-05,0.000890970983213996,0.000467206397839099,5.17472489875363e-05,0,0,0,0,0,0,0,0,0,0,0,0,0,0,0,0,0,0,0.00412633767719786,0,0.00104324425992123,0.00102952180720719,0.00407846723040592,0.00140321816269645,5.71724310195647e-05,0.0160856388675669,0.0552736301768691,0.0893278215395971,0.0257768417715819,0.0026283110911609,0.000238723456930666,1.71446607997366e-05,0,0
"40",0,0,0.00114059128738063,0.00114180611844621,0.00113923374921637,0,0,0,0,0.000332963431122137,4.60566186471915e-05,0.000491597067492982,0.000258987929206617,2.61116483933579e-05,0,0,0,0,0,0,0,0,0,0,0,0,0,0,0,0,0,0,0.0018580632362487,0,4.09360180740333e-05,0.000728216307081207,0,0.00112133398191168,5.19809599951776e-05,0.0135004303709926,0.0421865324385866,0.0502772716487723,0.0168616618517879,0.00237523757450774,0.000268365798901709,4.96044963747702e-05,0,0
"41",0,0,0.00321482346311411,0.00321228324348336,0.00321528719046538,0,0,0,0,0.000997092237103875,7.34365664565597e-05,0.00135911290141327,0.000711813021641067,7.1991862615348e-05,0,0,0,0,0,0,0,0,0,0,0,0,0,0,0,0,0,0,0.0105928855007653,0,0.00225737310459156,0.00276772068276005,0.0114678474991005,0.00193429312643919,0.000972803924101602,0.0202301278225614,0.0388675466920487,0.0296366057435733,0.00979133733811099,0.00171083623005255,0.000239452236860436,4.72581562624159e-05,0,0
"42",0,0,0.00527763290603964,0.0052651607935388,0.00526806377710043,0,0,0,0,0.00157996899343057,0.00010739806066378,0.00227351994257631,0.00118613667088586,0.000115692905940017,0,0,0,0,0,0,0,0,0,0,0,0,0,0,0,0,0,0,0.0182424507424554,0,0.000428078865574459,0.00712183610419037,0.0215679875011204,0.00520147793682455,0.00166594044784247,0.0110954670879143,0.03070482731106,0.0222489739861042,0.00484222421553727,0.000959164198454063,0.000162912258717143,9.99999999997669e-06,0,0
"43",0,0,0.00443664389949229,0.00442769064461878,0.00442904497538035,0,0,0,0,0.00124292706011565,9.72916058334658e-05,0.0019736596269957,0.00102951395808876,9.54468491366582e-05,0,0,0,0,0,0,0,0,0,0,0,0,0,0,0,0,0,0,0.0248354011545022,0,0.00145124676458457,0.00852829746055784,0.0259336638406921,0.00404032439441701,0.000792186591630782,0.0114431319439596,0.015213891313168,0.0101237663670467,0.00273227973041787,0.00047404875511093,9.9873657561446e-05,0,0,0
"44",0,0,0.00893254694639241,0.00892346645286199,0.00892213652675372,0,0,0,0,0.00236683738180717,0.00019036116656862,0.00405922555682887,0.00210932968432434,0.000202057597549002,0,0,0,0,0,0,0,0,0,0,0,0,0,0,0,0,0,0,0.0315423633044241,0,0.00687162596729068,0.00436696448209494,0.0333376436455606,0.00425757791437451,0.00100567028755588,0.00970793588729959,0.0145241359206813,0.00726760704229471,0.00146531480397472,0.00026081457479269,6.03943271132128e-05,0,0,0
"45",0,0,0.00620919251732295,0.00620731687835283,0.00621328196103134,0,0,0,0,0.00156291976179783,0.00013367758589119,0.00287676234961479,0.00149952820863253,0.000140791413879604,0,0,0,0,0,0,0,0,0,0,0,0,0,0,0,0,0,0,0.0238954837032888,0,0.00271530994194182,0.00827905200009048,0.0271893951957581,0.00483399775997407,0.000689056594119082,0.0137666123338865,0.0214333431358666,0.0106156355048446,0.00164958396958966,0.000177783775151359,4.60566186470765e-05,0,0,0
"46",0,0,0.00703348154375027,0.00703698741786526,0.00703961912135436,0,0,0,0,0.00175474997499574,0.000149135556261464,0.00327351415904912,0.00171057879034547,0.000162418588775415,0,0,0,0,0,0,0,0,0,0,0,0,0,0,0,0,0,0,0.0143940784682277,0,0.00359565450413848,0.00385201560775969,0.0160317945144496,0.00579640257645058,0.000793801109863297,0.0163446047688681,0.0377746001322518,0.0185256867537204,0.00300899392562439,0.000223098021669251,4.82418151323297e-05,0,0,0
"47",0,0,0.00334056427822748,0.00333761845777759,0.00333510180360403,0,0,0,0,0.00083344484102445,7.34159314447335e-05,0.00154974875774145,0.000811579704133613,7.91367567102979e-05,0,0,0,0,0,0,0,0,0,0,0,0,0,0,0,0,0,0,0.00799793685517671,0,0.00228716643535846,0.00179059806046511,0.00892582559913998,0.00203512985712301,0.000404693424306311,0.0208489777624078,0.101135868688381,0.0334197890175835,0.00589751497058574,0.000407072574374686,3.7752516807111e-05,0,0,0
"48",0,0,0.00265947894949895,0.00266224538783522,0.00265988607639392,0,0,0,0,0.000702207198407216,6.04361253930507e-05,0.00120939879880273,0.000637275609152101,6.02687583439663e-05,0,0,0,0,0,0,0,0,0,0,0,0,0,0,0,0,0,0,0.00312747275904777,0,0.00106733691063697,0.000814822283406236,0.00250578703940871,0.00173505276023759,0.000139855625412766,0.0225237394629298,0.0609779749855088,0.0533696620494521,0.0108474387890796,0.000839157826982437,6.52191333391937e-05,3.68452949179884e-05,0,0
"49",0.160206647899871,0,2.19233547262279,2.21323044705989,2.18561861646777,0.228202191357585,0.163043386727446,0.0104730636213174,0.0680528508520467,0.631722208959705,0.0496654369890483,1.75973905813655,0.339084939585254,0.0589993274743386,1.88598716049166,0,0.504153201898836,2.44668815836052,0.100728634769993,2.99393193580572,1.64956380230558,0.782623908067019,1.88599527905297,0,0.504167955960285,1.16731345199266,0.100598026623816,3.4046980259493,1.07358637544043,0.0981174333452655,0.0276639118745347,0.631943311902726,9.40389859711558,0.0943937872463388,0.302137523801478,0.0870186342229077,9.41747985625886,0.148544382957017,0.0086767782504845,0.903372233325463,0.963470748724358,0.696258963636695,0.714405263848288,0.55565825064976,0.54505315639575,0.546187856205781,0.551124111153694,0.555908780850116
"50",0.0813067000295607,0,1.77507076600548,1.78415836977081,1.77508144463341,0.000133802205897475,7.47453589654146e-05,0,8.23640600252221e-05,0.497911342990685,0.0391355578713143,1.38611207942878,0.26974925299978,0.0448375052243931,3.32578940963365,0,0.929390620256741,4.32653930905557,0.178655885993156,5.22887113647049,2.74918195367617,1.25763705405731,1.43991199005005,0,0.425197022277362,0.924216818715154,0.0780374403473076,2.61848823781331,0.844586034200582,0.0730129288675518,0.0214615864494984,0.509867953366062,0.1704971232436,0.0633523114388612,0.232311863239956,0.0603654918062472,0.0930789468921166,0.133094173676636,0.00440329295969379,0.94323471092991,1.23428850536197,0.968566222087936,0.900335921333496,0.84348534725527,0.834999806551118,0.836277821554681,0.842722277659512,0.848929592216819
"51",1.20001860981992,0.0195187296738494,4.90869692052326,5.13759124923865,4.90798404995011,0.229162097885036,0.171847836662719,0.00753620728231517,0.106672966026112,1.63637375308234,0.115431633095924,3.84704357876082,0.801927876584568,0.14074666463924,4.8316531071568,0.00380740586146734,2.00547190270429,7.93463884743618,0.437175937960123,12.0893005029899,5.86221463959471,2.77040388178544,1.5085875667543,0.00326135932495403,1.07824581073083,3.10751140584789,0.257933637324868,7.79744778659905,2.67517927769601,0.253723847145082,0.0709325408932724,1.65528552129049,0.13093986581865,0.17912888824824,0.0990302964100921,0.0375439913147015,0.0435285158014696,0.112303405828167,0.00230017566303273,0.850971490086715,1.32748995341135,1.1039270142079,0.964715820858216,0.953745523362146,0.956443875282631,0.958049248115222,0.964001250598543,0.969467151195684
"52",2.58128518581443,5.18609075620461,6.66014019089651,6.85859597891992,6.60278320424398,1.40672280819282,1.34108102597053,0.133371414016526,0.325048836888592,2.41104629960614,0.170473449513081,5.08511405811754,1.16694600673309,0.208887086980193,6.59324125839829,0.225057194750781,3.27741788670239,12.8469815689659,0.821463281860761,21.1837819638377,10.5153792306521,5.5421162292014,1.42617141465208,0.00303486208562891,1.36499390805574,4.52350787278942,0.385164067017177,10.3569575537698,3.9226137542858,0.381023336959931,0.10591886074546,2.38906253494097,0.115327314591597,0.27546837251958,0.0634403804983685,0.015887040490776,0.051465526522149,0.0924197378018004,0.00134166299641885,0.755428188299039,1.33282562866993,1.15893996080317,0.980459956643727,0.991470466687809,1.00926402775298,1.01284195891431,1.01851698933034,1.0237052731809
"53",4.21246771913465,3.77849372449666,6.65654285662155,6.76824851663511,6.45157793685993,3.1402463534607,3.34923397418912,0.299616810621618,0.967130393165704,2.76574822488573,0.191134456624364,4.87625043852789,1.26827261835167,0.239420557280458,7.46117776549779,0.369698633821515,4.23975182478988,18.3832236359588,1.2609569119574,30.1887802048796,15.1354504727642,8.63592091865334,1.76109168343779,0.00771255699191488,1.26554703447349,5.06472879283987,0.442261080765192,10.1494191251618,4.35219849070837,0.446220154817839,0.121621199686285,2.61598877776355,0.304537423476951,0.53516640489221,0.0266312116384766,0.199960085249355,0.0450076053730271,0.0951380957961487,0.0217919556096494,0.700472243171373,1.3498228292553,1.22941686205742,1.00398611819602,1.00170732160526,1.03499171142487,1.04171208518487,1.04809276008251,1.0536999912286
"54",5.98737091314635,2.43377534479008,7.9951525639025,9.00752459931605,8.31834049095847,4.46059863052601,4.69856384945496,0.636016556593943,1.00205724158358,4.80253937540329,0.302633474142761,6.00114831928285,1.89509897201927,0.422838558876467,8.74720149954414,0.573418099970464,5.20905883531495,26.1264111772491,1.94692231963111,42.1805544514164,21.5922856538443,12.2237300485644,1.74843021281689,0.0126100551509139,1.28760941443452,8.4171284021645,0.705672673165488,12.836933498103,6.52018085283629,0.800775645077,0.194054980494048,4.08642813997207,0.63641190244347,1.15551522711732,0.164424030964412,0.315401926005982,0.0905064476524555,0.301331946998353,0.0369390201698842,0.428664024550037,1.22416520361775,1.42056113006179,1.2639288606799,0.941467564096854,1.00269426883097,1.0183094758223,1.02651810057499,1.03351159765328
"55",7.44315915162203,1.97424842001055,15.1037350617933,16.7672999525735,16.1501026577994,5.34519401861007,5.36072915343047,0.854259489864902,0.752074262786904,9.74493494436277,0.604483024186199,9.65760768412257,3.61996675031663,0.967210983593465,9.95348564481338,0.714921476212951,6.2011605609452,39.8024517378048,3.29782796352601,59.702547470688,33.7356437963224,17.8011734995611,1.79611930966642,0.0170146203025634,1.32364229268097,17.3814678425795,1.42848449001243,20.0995108091298,12.5033699138068,1.90851056022118,0.392830852519133,8.32140855430956,1.35908381305536,3.18197099709259,0.916863049125945,0.728809162878013,0.208454697507951,0.703775388870482,0.0387316717293418,0.887293488631967,1.25844891754922,1.40019479871173,1.31554777158,0.801388845812649,0.897982564823094,0.930098262893429,0.947272452442039,0.962366600998903
"56",6.52625747521712,2.46028060661151,14.5143040510735,15.4116081764162,15.3683703747607,5.58767089792936,5.36791775705074,0.830140792001847,0.700060357526984,8.27758998559559,0.688210137482247,8.7297133029335,4.19627647938387,1.16453344603248,11.2520410375779,0.90305393860181,7.20335686492945,51.6759455824905,4.88067937486797,72.3409617319944,47.154387735591,23.5871022052718,1.88348827852053,0.0209935939002469,1.36025089676333,14.1569163137287,1.63273290734964,16.9917773013478,14.5312853283533,2.32058170689915,0.449005387584379,6.85765218394242,1.58367071681361,3.74992694755444,0.955787879347228,0.628352047646714,0.378180259615208,0.873073951355991,0.0451627791125803,0.793400453622943,1.43772594550835,1.51451831931456,1.37179536488877,0.949141723089387,0.974794494956747,0.969011144031154,0.970669583055788,0.976297726374615
"57",5.28338274796689,2.38792550868093,11.1977635249863,11.965161976806,12.0430276766897,5.02458133595751,4.69483914841756,0.658786657043834,0.654285516228553,5.70033317543817,0.654094419924805,6.85245854549712,4.16098540988839,1.12885205871659,12.632603151237,1.08517003611965,8.22675940823044,59.0011819716973,6.44598678607445,79.7575654873896,60.1223870902626,28.9417930205082,1.88841324906479,0.0257323790645799,1.40612111084165,8.84975146859447,1.58908617799983,12.3008567371106,14.6136022910397,2.32690494529718,0.43699611982652,4.4494555167312,2.39165824119813,4.32817719789378,0.787241433280628,1.16608270219508,0.619918958772398,1.01680829009159,0.0322015151158696,0.745222855397002,1.380250748045,1.48535161803221,1.371461264151,1.09790072500139,1.10054978363846,1.05879632324502,1.03332775670587,1.02003609486739
"58",2.98209157712224,1.36542500139863,4.8441831637288,4.72091343245471,5.05201524515403,3.74312093204253,4.09398048325486,0.446966138748651,0.987614873481674,1.92374079548497,0.357673164356805,3.02224760687416,2.50024400670447,0.609817974245702,14.1185099122409,1.1807770417972,9.28795626655865,60.7525983487883,7.26732818906194,82.4921409712204,67.3362554889352,32.123338981128,1.74908875434171,0.0301386822149968,1.34250469570836,2.38062042766697,0.82631439143887,5.24967677211616,8.50287214365769,1.15453571742021,0.227237537143115,1.68740149444001,0.825384183029303,1.36398913510402,0.444416270620146,0.123127090041226,0.483195824134073,0.431080282213338,0.00762177343556146,0.435012362925446,1.12255710640592,1.28530380816515,1.23212146210255,0.86978464376203,0.948738414937852,0.946121831198127,0.94020893169357,0.940840355471553
"59",1.03408183335349,0.679964741120204,4.47561093535652,4.3255596315577,4.37789479370479,2.91237870797006,3.3006488541528,0.333323538660642,1.0063902435633,1.4895781571443,0.265813335011051,2.5006664449068,1.94025434839889,0.437218645506785,15.3810521770044,1.20683344197561,10.2962197227237,61.6444027588264,7.88219200806604,84.1252594123653,73.1185277047553,34.9931017237335,1.44045249522818,0.0319200390496204,1.22106431468865,2.34138829564531,0.628640608801518,4.44586584175511,6.73348434263091,0.830119694910793,0.172872860340842,1.66433758018139,0.878307151311228,1.1613020744719,0.0792938869336755,0.313041540308289,0.276579712693714,0.418337409946333,0.0197788227479021,0.437912875800563,1.1200370395661,1.27175473290476,1.17519271578896,0.767087907129057,0.863401853873222,0.886930686743259,0.899404728546789,0.911573342020722
"60",0.287405074660146,0,5.02435794162103,5.05257430524592,4.74051685555084,2.57696188212383,2.50626198043314,0.211342392875312,0.881293177751028,1.45857553132389,0.213918487836802,2.58770482997399,1.61348691348235,0.313737648251374,16.5057160894705,1.17000901326883,11.3798715066407,62.0012437099669,8.34411161585428,85.1967292645988,77.9298384520635,37.294304413033,1.28823248306948,0.0368229427137622,1.22935629521175,3.05905677244299,0.497526427787987,4.71498516106109,5.55928018671664,0.585715718633661,0.136827662215923,1.99296411713961,0.517184294956348,0.797383056630256,0.177524872688962,0.173430220739226,0.211133567892245,0.224915526239151,0.00370472957341305,0.721998680523571,1.31364118631952,1.35123014072662,1.11677011473972,0.780164446795959,0.86052728273267,0.890957236586163,0.911714215942427,0.928433463905734
"61",0.127273538788538,0,2.58544171529018,2.61806012844251,2.60933173790908,0.302788498392171,0.243749526151314,0.0219779909192921,0.0780193375343122,0.795762357107886,0.102090732451703,1.39239004736859,0.773473803859294,0.1367530140528,17.1986783287391,1.14938268565559,11.8996643582631,62.2452461486641,8.5507273447291,85.6318262668913,80.0865433691002,37.6583696003327,0.81327750519957,0.0295079576837616,0.594117416422006,1.73339340778297,0.229637843104874,2.47208938458008,2.60083630689372,0.248846518557081,0.0631543633576581,1.09928185883679,0.203833879409066,0.246837126758648,0.115350845578858,0.0215252949392621,0.116510331375255,0.118899760425717,0.00165252515682497,0.761580470461847,1.41428106251262,1.41658581283531,1.15499456974367,0.844511445312399,0.917330873025682,0.943563975026965,0.963351796444124,0.979007339143568
"62",0.389715979215063,0.0017186393490553,1.94955571777031,2.08781297867366,1.95193741327674,0.0212323727483589,0.0146497194098685,0.000723539978860948,0.01040899397423,0.609913465516365,0.0699289076509316,1.02302476195581,0.536547640197038,0.0905155606411506,17.6568199535448,1.13040586805105,12.2274702803087,62.4711846198978,8.6922867961394,85.9052002118654,81.4621223326498,37.6674173506931,0.568600390200678,0.0594871166342305,0.46123428087529,1.33497947219719,0.156282523512885,1.79541350432122,1.78623552007646,0.161941702850817,0.0429759998796603,0.833742617368311,0.133088439252349,0.125376983255712,0.047242304701775,0.018347581543213,0.0530714664343746,0.098392519276086,0.00337897166234781,0.677898470628757,1.43189488551452,1.45797692593005,1.19964816820381,0.90835745496523,0.986524730390844,1.0092914661361,1.02610119482988,1.03931143294515
"63",1.47303460394356,0.0570839792044859,3.34261260437162,3.78022786249705,3.36877792203402,0.33301905074271,0.270246459865244,0.0183258925947398,0.12717167321651,1.24218421748169,0.107487392655129,1.68024939194373,0.872301433082381,0.133575535321269,17.9649415903285,1.11958658156085,12.7256473202973,62.7380472795458,8.92479912981799,86.3520494251228,83.9155056778078,37.9226188726286,0.424569490170736,0.289922676370334,1.46126206060813,2.62248525267618,0.243041864995321,3.08103880949923,2.94968018716274,0.245099761845183,0.0668374909913605,1.53273124511656,0.116877792967222,0.210545724132562,0.0241962201530935,0.0333379036866781,0.0343204797357632,0.0863620450677427,0.00400151625302614,0.558555352954514,1.38584764340031,1.47723321195402,1.23268419751862,0.940259156845235,1.02849790572063,1.05090193774998,1.06504814446308,1.07573549623952
"64",2.49373456816065,1.54727155539855,3.70017881349242,4.26930108968894,3.901522056978,1.94267330017456,1.56306275196804,0.291029273703738,0.678277631244363,1.36916349915936,0.15942518669434,2.05577254473172,1.18400248967456,0.209549644473547,18.3544009328222,1.34787811048748,13.0775896914852,63.298348256528,9.26969865067219,86.9690396572476,87.6988438910594,38.9778850306882,0.356698885935004,0.113869111192801,0.848880417469166,2.7836801585903,0.363978109348417,3.66161025697698,4.01925100998641,0.385444389553647,0.100093456551587,1.75205413883968,0.14081806392389,0.327460529040979,0.05939836667482,0.0321014710635579,0.0471486441528762,0.0865303986755492,0.00456477775577256,0.529333141252541,1.31311072148113,1.47657960656007,1.25416483142159,0.943944645472478,1.04089559919486,1.06466335168836,1.07685011687145,1.08572030959993
"65",4.40620931184813,2.25150543934452,3.55253548982706,4.81329655834604,3.50074443714159,3.14347014710774,3.08266152231847,0.414257790504825,1.36191946736949,1.46392686761368,0.199807849776537,1.90403739558387,1.38644895482792,0.281660134898265,19.3750330799425,1.50123512148861,13.2566460245456,64.6912721370772,9.71075344342887,87.6811933570168,91.9049994271164,40.8574273897722,0.677472276464342,0.0403246246546121,0.604212599215297,2.2921324810188,0.455003831098312,3.31299906420729,4.68819494678556,0.517273701065636,0.125124545049072,1.48785971971639,0.205471793773169,0.469238683176152,0.119191160758801,0.0234811868602002,0.0711371015090657,0.153069360956517,0.00122450196018833,0.245809629491005,1.20200646646566,1.44403502058704,1.27066371391593,0.926321550351418,1.03180957974059,1.05965259413954,1.07181864302661,1.08053062945149
"66",5.56965239438892,2.38709452217079,4.67081129829906,6.47379430526486,5.47204817264408,4.22852904589991,4.27648240926802,0.579693655377432,1.10490491267097,3.46798818523074,0.387489887445759,2.65356527859742,2.57050427933348,0.637504331037774,19.9616584488427,1.65872011402092,13.5768261739019,68.1677377163447,10.6088801395154,88.947881121067,99.3598921117795,44.1909168896101,0.815467867933693,0.0424603626927515,0.715233293207273,4.63839393450094,0.907492842158932,4.19274947024761,8.84202404513163,1.2207841149905,0.249564422587059,2.35130303412445,0.762547925289044,1.53934969259487,0.323166862267276,0.311302717169593,0.106708897601244,0.454694560834551,0.0206284037534207,0.405583461464014,1.02908280994939,1.38556191579445,1.425168045411,0.833961467299541,0.948937484183699,0.989862301604306,1.00712673794004,1.0202173048474
"67",8.82178239701357,2.11729190439108,9.09572558406476,11.152635474536,9.97251542474509,5.61298209335089,5.11668373106581,0.66854812062779,1.04825784278179,5.65228106146438,0.594604507122086,4.68890727156653,3.86880490445856,1.04798442102838,20.6172940256738,1.73910088228476,14.0146026485445,72.5346844266771,12.0041024413594,90.1979775204582,111.025784407237,48.6497462112441,0.952007439604132,0.0450174741717933,0.80869122453655,8.63293471100768,1.43500477933108,7.35151302331154,13.5825687130636,2.12645212085718,0.394625996229341,4.33308892010706,1.79445634551515,3.43190381818367,0.480540558848033,1.02281891951616,0.233549961094565,0.80043920726074,0.113735441181753,0.836216736060501,1.22532414637429,1.38067787846581,1.36599740635097,0.84222077299281,0.907828549021891,0.939250886914512,0.9576600465439,0.973492292488412
"68",8.51366336572571,3.09662580129672,10.6044777840769,11.5150315029669,11.0113462652313,6.69411831972371,5.96596740251992,0.716057420927014,1.03318799030433,5.19873620018268,0.665401642460318,5.67595237566411,4.44849796766938,1.2228404951711,21.4042928624389,1.92268152132916,14.4625498196082,75.0657082112923,13.5838593656491,90.5647381816549,124.687565041194,53.7139362358966,1.10807785244986,0.0480873894198065,0.911647130544655,7.86878229255328,1.62960419599362,8.87613706415992,15.7656584420164,2.56197797211373,0.448138531111382,4.23323582001876,2.69240636651219,4.67114414825077,0.518446846160664,1.50118467559236,0.474992731402122,1.0977721653647,0.016424180836852,0.822037842562647,1.40197836194019,1.48561439471957,1.40891723462209,1.06955053645742,1.05070161171842,1.02776004813597,1.01743861817881,1.01414594856007
"69",4.37477053345462,2.77363833175448,6.874990209179,7.29618866630428,7.73677662504674,5.00512118254086,4.75682660397686,0.578165812624613,0.957370587293208,3.08262231494059,0.532914681931528,4.27203489666024,3.77918826653424,1.00976233742441,22.3556869812433,2.11936258191853,14.9866994470394,75.2031000248052,14.8619003518394,90.2530403387114,135.981501449028,58.251090069588,1.20081993549021,0.0536166197190853,0.987245793497641,3.95034645642095,1.29941973198918,6.34139635027586,13.3505842383437,2.07825682209632,0.357337783072419,2.58818751162358,2.15679948110433,3.34086895228765,0.304857415485941,0.97608521396661,0.607469661873718,0.867233806869156,0.0489621046103901,0.567361604190926,1.21524946710916,1.37037942106586,1.32833105359449,1.0872738200326,1.0946513570124,1.05999749641166,1.03431606209225,1.02045805437875
"70",2.71218000750505,1.66273247069,4.72735619866822,4.33265881663822,4.89116438525706,3.88226611727863,4.21112807945265,0.396349836977029,0.899601827227193,1.58890941372574,0.348724224664242,2.68901287371877,2.63746687116558,0.652451229958797,23.2226151571477,2.2059014475937,15.5985980868231,74.3389133486431,15.6695830830013,89.8597509477395,143.401871847723,61.7675979482566,1.11597888587246,0.0577297143872401,0.966877629997141,2.17491583792676,0.817767445317562,4.08317442571427,9.06651681264953,1.25731044922939,0.224886610225211,1.80259376693192,1.01334218820443,1.54068821843363,0.371533747150534,0.224235476887466,0.473286781615032,0.486736959111024,0.00438931945209337,0.3768536247348,1.04040428084811,1.2365097442198,1.21132057402721,0.890952468477336,0.962407006817655,0.962767607229441,0.956852005154761,0.956589517972547
"71",1.51847854089133,0.625064618490672,4.28767836766901,3.96340541758478,4.06267651564318,3.11398394468267,3.42636556898815,0.299731963039775,0.916674868654766,1.22325114058125,0.237026386034905,2.11622909257161,1.84841260408175,0.413859902977963,23.8099548383793,2.2009674754459,16.1776744029648,73.4767324223264,16.1921798517134,89.5578754859228,148.799076007966,64.3399052253811,0.906826330190777,0.0575858189175429,0.834382659484535,2.33795070941877,0.542378779883281,3.48560794713451,6.26161305415108,0.765570188997598,0.149152866126459,1.69006769473978,0.486755175185326,0.762316616543006,0.256530817608388,0.0447950348980236,0.264545692486442,0.303082886451208,0.00284393719830076,0.432462432765593,1.08047920549452,1.2580946074858,1.17964718317458,0.7757497866001,0.86690829956667,0.893062652213599,0.907111168278261,0.919790841329668
"72",0.183625939223073,0,3.6453492905483,3.65173036071527,3.03372646065541,2.63117234235382,2.37675886671664,0.188134056008749,0.708532338390743,0.941194278026003,0.128443357307272,1.4965777050496,1.02735196478691,0.194500609082165,24.1641583234143,2.15556784963845,16.6126285830747,72.8730734409757,16.4517183036948,89.4031925963663,151.801691271201,65.0734411431607,0.793452506279495,0.0493877143353762,0.608877364769198,2.16878938822579,0.296105829216447,2.65507922260753,3.51583512213404,0.359279316133019,0.0814279558563857,1.39767273159002,0.368026022986078,0.402808919106965,0.10211801908685,0.108597587561798,0.167930106465683,0.161038846257791,0.00240822894814149,0.699459670746649,1.37690249022026,1.46614458119714,1.25099161996523,0.801561012981116,0.882824215555802,0.911953002313322,0.932915201184443,0.949469125885672
"73",0.254806065439676,0,1.57963382018675,1.64045766144387,1.58641910451676,0.249281997113407,0.174832690919466,0.0173184768500016,0.0785766574110848,0.606251441714416,0.0590056455439698,0.760622771072322,0.412718528119995,0.0903759417515234,24.2493476388584,2.14513608579145,16.7294407437465,72.6716002612692,16.5564746892945,89.3452852074695,153.011111999219,65.0864922405554,0.476851587011466,0.161508896621452,0.768606559974844,1.33544228800231,0.131259034759748,1.32445482234744,1.36830491524618,0.16096556186045,0.036098464054177,0.798323847514974,0.145996944325987,0.095752122000908,0.0517460255732386,0.0278535251563669,0.0641913527877959,0.0966516581870328,0.00303130868161465,0.649585919134939,1.44376474021458,1.54863996923726,1.31304035841988,0.87088040269719,0.958161027956126,0.982810302392526,1.00013391536617,1.01336070548109
"74",0.713062096835496,0.00509996078416295,1.84200275716214,2.09016043742237,1.85073350580768,0.100295454336705,0.0782518589833074,0.00302756277616772,0.0396025077769353,0.614490121707223,0.0710774883099033,0.898585997314501,0.559618908114434,0.098558373919708,24.2102802824956,2.11861559057853,16.9602875820149,72.4231577765892,16.6935520315654,89.2650030648431,154.536684928817,65.1852702378787,0.409512221412083,0.027924902521013,0.318075127940148,1.37546641508041,0.160027709655471,1.56920846025677,1.87454364021398,0.176783731309065,0.0440102969930236,0.870419404591774,0.11345909046031,0.118696258806019,0.0265093992098019,0.0239667610526232,0.0370811379534015,0.0856530555098989,0.00202746694725764,0.564723512308046,1.41327392700192,1.56663258883988,1.33607364833445,0.912767368586079,1.01419041613137,1.03910646835479,1.05357174702835,1.06425941730255
"75",1.49848557579466,0.106759947016045,2.03503376357244,2.67708534470312,2.06843116086965,0.191739836033679,0.167942468973302,0.0198581699340929,0.0690107837862162,0.708324265057104,0.0818699474715228,0.999504959445202,0.614843660095472,0.104039507666826,24.0575690030347,2.08758926024709,17.1951650595342,72.1912301469309,16.8391493365216,89.1771362831386,156.22091129934,65.3373183884172,0.409854042483912,0.0691484611016563,0.42745547251241,1.55375844177038,0.184784952806873,1.73782438492164,2.06373106493256,0.18749749436979,0.0508168589697903,0.975118712822685,0.0948940602871317,0.130552543773986,0.025436324459721,0.0140398228355106,0.0287560082610767,0.076590169286359,0.00119062796435114,0.511104317581553,1.36356100437143,1.56443820317439,1.34681451941125,0.934919292727528,1.04861614887807,1.0759180428003,1.08921136703571,1.09869785468889
"76",3.61234144491946,3.40251752006414,4.31497775202792,4.74761510746717,3.65402401862742,3.2883650481562,2.56712530879219,0.306095377959356,1.85205203770812,1.2402461388728,0.153355666130546,1.80865837503572,1.18127322982877,0.21357851177239,25.0703609620751,2.27318810823682,17.2547049620904,72.0036334982613,17.1502503783944,89.0214137503812,159.4241961887,66.1559260218422,0.467452698978002,0.057688579651628,0.519378714285179,2.65074460753098,0.351270932039586,3.18580383421833,4.01804545945243,0.393477328162345,0.0966001835328787,1.7212374473854,0.122479886994485,0.2950372008114,0.0364262422193427,0.0349065890425555,0.0354542974984854,0.0723678753650298,0.00636156260582876,0.455236891462549,1.29747912447503,1.54179280234722,1.34944510268129,0.93117494636962,1.05140587001117,1.08132915849949,1.09374008230124,1.10215617224795
"77",4.811363388321,2.84790507165222,4.39163946181258,4.26161982975222,3.70496862450707,3.85095376512249,3.48109576847477,0.402364232665234,2.09768844868644,1.32776215599212,0.189761523161908,1.92409836121948,1.41999064141887,0.280609259809631,25.8197570964484,2.35301976261217,17.6428630000005,72.3640318562267,17.5589041609202,88.8614623905954,163.764731308506,67.8000935501315,0.491474224356752,0.0612523441810742,0.490894655056078,2.35918300634741,0.436580441696278,3.35594714642468,4.84728110897212,0.521256167205238,0.120056571698849,1.635236171941,0.172553168720118,0.532963253353599,0.146841098284692,0.0426152443914787,0.0529498391466543,0.108311618686197,0.00421391442099561,0.492399055184374,1.23882416423923,1.48668355829343,1.33203376775531,0.916588174783269,1.04030765826191,1.07375288380088,1.08667395196061,1.09528446239073
"78",6.77534565990607,3.08477389926635,4.8705276672087,5.43517764530017,4.61157376182782,4.85196532329744,4.74190004819265,0.646046862393186,1.75578254990661,2.46921026193405,0.326743109205277,2.45502443235307,2.34971705221172,0.568066715120929,26.1098840133161,2.52764548136115,17.9607239476097,74.1811211877239,18.3135023464805,88.6622050981275,170.444762081485,71.1441334554431,0.549493937741948,0.0645411001696679,0.534684818398898,2.60430627612996,0.765797041363184,3.9424171561066,8.10528933781366,1.08193780560062,0.210595908166241,1.61255515992289,0.733660917369705,1.25390257216412,0.132206311601499,0.292362626782894,0.0941665270849059,0.419740792736266,0.0335621485328549,0.297062738120751,0.97622854194708,1.32091725900083,1.38747230466817,0.849350961626677,0.973979848931821,1.01776797414139,1.034985607524,1.04734331429526
"79",9.65280445774149,2.3399414891802,8.29996564564017,9.95486899753974,8.13746161979399,6.08039181013723,5.75986127497052,0.717969580006104,1.18157311581603,4.5546184991433,0.527074229854551,3.94763970204931,3.67986522668722,0.996524887171171,26.4097451726583,2.64527945555547,18.1891928021003,77.00809161047,19.5156810990138,88.3896953976745,180.949143100829,75.6792676131426,0.671808786783107,0.0685174086556759,0.629409946456187,6.28894665386587,1.23309011387668,6.06972509935969,12.6675365909536,1.94961196942682,0.339096145412084,3.26307891006595,0.93577696821487,2.42415640624911,0.803437484818272,0.3810590349767,0.205256322522239,0.537319366367654,0.0246372088434538,0.607680926041576,1.0621164081282,1.26133424412005,1.31806943832771,0.816274226044808,0.901159908120662,0.943437879673606,0.965509077930739,0.983309238071507
"80",6.0200523685372,3.45530231077462,8.38289764346627,7.66351832648838,7.92923231500555,6.34844678182885,6.02477463512616,0.73915684667318,1.17731167405992,3.65552166670318,0.522923983007129,4.12236459103488,3.78092598559352,1.03104870412301,27.012466285663,2.86798611588341,18.454172396715,78.1210135903001,20.7130276541185,87.9730711358585,191.819650347134,80.3969226051516,0.801762820905197,0.0722154255885077,0.720144842555014,4.72074967514887,1.22854000444603,6.33464480826421,13.0495301845321,2.0301195593244,0.337846613160828,2.76784051203745,1.06073382815765,2.51518024963973,0.67692146441732,0.329618694085923,0.32074307990677,0.605687548199932,0.0599592409959306,0.517158649954956,1.12295902026339,1.28658057941871,1.28521904663066,0.887023741667504,0.926234795319527,0.944144697556064,0.956559975835126,0.969040918286287
"81",4.18070920160489,2.09441263099918,6.69757330046902,6.27930113333732,6.99050972414087,5.16250191484974,4.96923286717102,0.553306414456572,1.03702290721073,2.74496824141257,0.46728457037236,3.76515577173016,3.50626091362871,0.930685132261782,27.5392565166168,2.96824421645681,18.8263725606466,78.017260819734,21.8066476910202,87.4282947985245,201.914273341939,84.9246476029669,0.874072722173318,0.077286685114317,0.788715666959951,3.17357225231785,1.11740259432175,5.79345731649457,12.2510138763086,1.86730940201336,0.307281959980232,2.24947415985213,1.42998771289876,2.56724386738979,0.414625065266772,0.589509651242523,0.392647898891667,0.654853019329722,0.0441845785405732,0.531007147109922,1.1067834086704,1.2815272269831,1.27759266255451,0.925345579444771,0.963366718554877,0.966950272660378,0.967679267081503,0.972095305424464
"82",2.75418554436752,1.74361308444664,4.93424529408019,4.29031383978356,4.8615263471989,3.65938943582206,3.93237172553368,0.348594120443935,0.951318527811572,1.44459605789433,0.309543347952457,2.63949482124684,2.48736079640224,0.607178702861094,28.0207961016687,3.03667807309487,19.2072891724129,76.9883150222689,22.519750511755,86.9848650987102,208.880455327988,88.5200258836017,0.839900152302268,0.0802623633385341,0.781399892640242,1.90577807798396,0.7291052013512,4.24165791779475,8.59893216552926,1.17218468778334,0.200503400558079,1.7232013076357,0.934607763597525,1.4025715745344,0.218684959071817,0.249765209544864,0.352726712553054,0.461055249757871,0.00409776719197125,0.34547642982795,0.971167857036261,1.19483680422529,1.20764607129496,0.826615967765961,0.899964476459426,0.919858459289397,0.929283308348836,0.939538542408297
"83",0.309458842763697,0,4.48161129102496,4.48262941855469,3.86454510668292,3.05159953623845,2.88721502279577,0.187668194557535,0.888791302321202,1.16681898871429,0.161428883359913,1.89757447265815,1.35979696974225,0.263863994296036,28.0688892600787,2.95750275133559,19.5691824797457,75.8906078952646,22.8485289137135,86.7624520716552,212.742683407958,89.8811923844251,0.706627572746533,0.0791798501558766,0.69071883002091,2.69726512976879,0.373041304587418,3.3575486746257,4.65920111640733,0.49208927458092,0.102586442539593,1.76897316277129,0.336220585809707,0.54462867991862,0.173044200974517,0.0657815574765481,0.19744558047086,0.150096331124954,0.00368119696717129,0.658512648060427,1.210281378393,1.33484163138735,1.2089837464026,0.779541940859885,0.858573807854831,0.891994012535959,0.913818188238533,0.931547371014724
"84",0.21847881689842,0,2.77443600079022,2.7878783886631,2.62019604297989,1.60142407474464,1.38467324872416,0.13436334509099,0.484706809511553,0.821948333844714,0.0976741560061573,1.26369451466242,0.809460046720259,0.143471800615024,27.9173621379423,2.90290998620628,19.7747702489169,75.2796648334089,23.0309368279799,86.6403080711776,214.876147962419,90.1818779225305,0.674339585059922,0.0546043462583614,0.423911003695994,1.89058704957246,0.220003174841646,2.21102652762526,2.71931914257424,0.260289485344314,0.0605005649527007,1.20306954533356,0.233613291971708,0.239107689738158,0.11604015541043,0.0292700758006148,0.135817535054509,0.128068688861355,0.00173824362765721,0.645952294986232,1.33893329557525,1.44810889611279,1.27961251102816,0.838632295595729,0.919856336070525,0.951012968254844,0.971713315827547,0.987451311851257
"85",0.204190234444315,0,0.958087287634202,1.01389232854272,0.960646385031843,0.168035344297958,0.0960480606706135,0.0106912982175112,0.0764097530595818,0.313712087618858,0.032831308336262,0.455277332661482,0.269338978713712,0.044756463547659,27.707814146365,2.88275694309696,19.841511408053,75.0878854566329,23.0857833738853,86.6023328226097,215.565886816544,90.1818779225305,0.435215072362058,0.0201572910587778,0.146479256472607,0.704141663584076,0.0707607398137548,0.770964846043154,0.867792219754047,0.0762732893659836,0.0194622975586806,0.438612772391606,0.117506473769651,0.0512768525957006,0.0398583195249566,0.011388071200013,0.0466263910508227,0.0899252627059119,0.00100007272462829,0.575943656870964,1.33137987976893,1.49343179491419,1.32570864737363,0.901378169720393,0.995171605876305,1.02446212886114,1.04109590262794,1.05313496176939
"86",0.399010357551447,0,0.902904491083742,1.0475535915391,0.904919639673417,0.0164329010945675,0.011563787782504,0.000616280796554639,0.00737029329350761,0.301685990340415,0.0304781901653884,0.426516067460559,0.248030314559338,0.0403398324215406,27.4370033530285,2.86362526928946,19.9000288150855,74.9083762222482,23.1356397774083,86.5676230682509,216.105685530798,90.1818779225305,0.423739694995821,0.0190757775434945,0.133790279259154,0.678772418220101,0.0657682295579858,0.725033487022524,0.80110690308895,0.0690588170922571,0.0180870453109624,0.421481972395671,0.0855235830137814,0.04111784001716,0.0244929860914664,0.00912985307503451,0.01979129489284,0.0767198474577433,0.000824069723440262,0.513028339871309,1.30125933598762,1.51331207628209,1.36737806899433,0.946304265022086,1.05304450250623,1.08345645201369,1.09785228488641,1.10778141810694
"87",1.43295383770234,0.00184427560989472,1.23081695709382,2.00911771575702,1.23614482103421,0.0946129399984564,0.0685665498739448,0.00335969740700955,0.0395451770290971,0.411734222998136,0.0467729752219282,0.595978319328901,0.37540428967456,0.0658123503192634,27.0451635782348,2.83889353150327,19.9695689060311,74.710297842633,23.2226010728526,86.5110261449675,217.274556249496,90.1818779225305,0.519053969746982,0.0248317347461882,0.16727749150028,0.913329527200652,0.104013988958168,1.0303837347255,1.24487723644267,0.117253961079739,0.0285983999693703,0.585580002646086,0.0706076416158014,0.0666826352087546,0.0202831198166098,0.00749456126033062,0.0130253016793617,0.0651205339227485,0.00119860356459111,0.452978961862357,1.21926248044513,1.49667559671224,1.36704063974379,0.962174966311725,1.08235672740207,1.11746404813025,1.13125011091199,1.14022940905404
"88",3.35697699757482,1.26285945409294,2.35565133691514,3.19352262928471,2.21229615263614,1.72260497030755,1.27459086304452,0.295960625964354,0.685503017458307,0.74816017413426,0.0881588975210172,1.08197843143003,0.703436579826052,0.126448735086795,26.8308707997233,2.95307433524092,19.8821317222828,74.4832250419109,23.3961134296062,86.406510216334,219.223632550355,90.516974893162,0.614471415248566,0.0449727265836044,0.284800033003843,1.63149511419911,0.201875558075971,1.91126368193767,2.39051739239108,0.232423880731614,0.0555205730910951,1.06537263450282,0.0977956755721134,0.176677335229617,0.010106723434717,0.0409632725866733,0.0124469496892073,0.0577572794047852,0.00357596621117067,0.396628479781442,1.13972443104383,1.47325106689665,1.37496844461275,0.961120727158002,1.08549085411517,1.12487356986499,1.13902138347625,1.14759031928171
"89",11.7325503785584,11.3197048055286,4.96044698946954,13.0943270802999,3.77449472338265,5.21564377460266,3.48342542848518,1.11563311011046,4.45844962275118,1.30495367893758,0.181250047618245,1.94568600609117,1.39475988558619,0.272065725219833,28.1753644280176,3.9806051384835,20.0643193437575,74.5738437332813,23.7758829313414,86.2350894814611,223.226917411595,91.9920694418487,0.618333637078256,0.092143857115059,0.46433037598745,2.39201725861544,0.414157101529691,3.38742290462212,4.73266527124756,0.503689321208014,0.113893770366438,1.68207814813682,0.106709715101155,0.40772372721407,0.135549821661724,0.0367348677565458,0.0263756357384246,0.0682289755902946,0.0202084565507021,0.439842546915106,1.09089498724995,1.44168310911485,1.38391403890224,0.954566892119831,1.06804933647772,1.10833922632473,1.12152887553625,1.12898245945478
"90",8.60031672895801,4.12182547863532,5.59537204294998,4.56748106006091,3.9535493194032,5.02601579831461,4.43068844802402,0.396610736296251,1.79915057395922,1.70650352992647,0.242046798369675,2.1493176820232,1.81694053345066,0.40457828498676,28.8021387632705,4.07068067512143,21.0119955355977,75.381672767279,24.3258426720504,86.0941506892746,228.713797964401,94.5797365044967,0.882104436053379,0.106834030040748,0.502807206937694,1.85748767446568,0.569032880180278,3.72978361067172,6.31133555581358,0.768160871879627,0.156481747268756,1.4745468599738,0.567383709528555,0.89457025233552,0.0493910475161995,0.324122764338801,0.0501921888063443,0.221133323455386,0.020571036297266,0.31965232608526,0.972833046502675,1.3490960304357,1.40138349778158,0.936445645664412,1.03873852865343,1.08253138028279,1.09673978405789,1.10493266822193
"91",10.7891784244581,3.88847903001776,9.3859765144676,8.59531065402455,7.31554280954198,6.43944806378355,5.62901664066046,0.474577604083863,1.40167077695646,4.11200669668617,0.44881204074217,3.52008612320764,3.28084524116203,0.869060168485753,29.3083489334963,4.11461090133316,21.3997113301766,77.8800164635533,25.3636781965283,86.0016857672652,237.996448085191,98.9848068095103,0.941795690975168,0.108163976695319,0.587122178769488,5.44470766973811,1.06493694421384,5.59140624008555,11.4294038914432,1.71272382444226,0.292860411255615,2.87116186256179,1.21176466648621,2.22033394408216,0.318012224812668,0.64858396638408,0.134982330377503,0.574251455554151,0.0108815172738832,0.434288364196841,0.921346268522976,1.20114633046431,1.35124165738087,0.855302752222034,0.941163850895971,0.99573763554432,1.01714998977138,1.03230364614949
"92",8.25492509676716,3.15032064724026,10.6009274475103,8.74040384233371,8.84706110140332,6.61472846298693,6.11340844921723,0.530230700310266,1.17036293896079,4.35390124061227,0.526146026443633,4.34284607851716,3.84324440492389,1.08932081125318,29.6705044684954,4.1734062090078,21.7498715567335,79.5351617366416,26.5384136396052,85.8966434125364,248.863812982535,103.889629338071,0.985672889052515,0.102813385772181,0.62222667606595,6.24267800248888,1.22141910230632,6.81737711766369,13.1725036924915,2.10035457180064,0.335889203490097,3.41460587921471,0.730850725169516,2.03994746175439,0.520647089876597,0.131255667760261,0.243094982268331,0.525808234717725,0.0102045327619097,0.591613874570947,1.11140903553402,1.25606414282388,1.2903341319287,0.88123395503697,0.909760284152486,0.946390328032752,0.967915530635006,0.985832526763163
"93",3.92706809512356,2.17311475016248,8.19810727819211,7.10556842979369,7.35900701818362,4.40029654375404,4.27877290864195,0.362792873405666,0.812720560071311,2.79665496693096,0.458788414730482,3.89759282811037,3.56445867736497,0.959460939381057,30.1713243781261,4.16839509662068,22.1615991141202,79.2799547403125,27.5849501780286,85.6491472619619,258.913675203623,108.537661995431,1.00365250163811,0.110926586019126,0.737726495903859,3.2908642196316,1.07584084587852,6.09534016924305,12.3053336404408,1.88767951894554,0.29585895778908,2.34129322710589,1.04741860127601,2.32155529065641,0.644511328371341,0.315804058571294,0.34057418709164,0.577977302710483,0.0271885719270863,0.418881324071097,1.08425260764075,1.26311190351769,1.28265934591679,0.918131127191635,0.931026912878484,0.946492984269676,0.95770709879473,0.969864798520959
"94",1.41383977733538,0.253376729329385,4.80065500303844,4.43243208609784,4.29919035849834,2.82126045919285,3.35331491360249,0.245234245921583,1.0828908657712,1.16374007494775,0.21632337264971,2.21750288972401,1.8503617922608,0.41273121181596,30.0515618638483,4.07532580449748,22.3824013541597,77.9078823236723,28.0678537360176,85.4712615737504,264.59757840331,111.189783717963,0.90501585056938,0.109382018775085,0.687823451163674,2.38499346108648,0.510866411817446,3.84866772581268,6.43034262699779,0.785525078937906,0.14049043274159,1.80250739069612,0.762709351687466,0.98351347073755,0.0664783593481079,0.257319430649726,0.259516678555512,0.344917905056091,0.0185691376409157,0.362035010220355,0.981538505237383,1.19396315994636,1.20188419723643,0.80897596492995,0.864816604487899,0.899597559461951,0.922051739638127,0.941486068845043
"95",0.444431145209608,0.0117805384367008,3.91166848534851,3.87171670221794,3.52628952513685,2.25051703572577,2.32076888912844,0.195037524014579,0.73743613172103,1.0341516957337,0.142047252840011,1.7349345768482,1.21629540391587,0.235094202361178,29.7680702606123,3.97844546453598,22.5186646712598,76.8178105104018,28.356353178175,85.3558626949104,268.00367793398,112.235495402706,0.809303550073528,0.0973385604864576,0.549015528973949,2.41368105468566,0.330076016625739,3.0861621098148,4.18331277303894,0.439808916886331,0.0907626898827237,1.6078567131053,0.346306474789034,0.487628552344524,0.095095538408763,0.0875071544030382,0.165560041814003,0.152168455377983,0.00232216613435722,0.578557809949477,1.17466068160473,1.32059583505884,1.24125222796752,0.813711057269239,0.870154606916716,0.909209608726728,0.93646672218321,0.958034493432288
"96",0.237744319406586,0,2.24889618263128,2.233359000227,1.96920883765075,1.40099753034015,1.22250877594917,0.139508137596183,0.561068441695544,0.618112162495815,0.069692956696723,0.942334202383002,0.583416340674185,0.10139715702886,29.2757268121199,3.92371668318059,22.5701736272867,76.2562778674591,28.4822609047215,85.3061998374837,269.667436114968,112.235495402706,0.886239532946125,0.054728295601032,0.284271013000487,1.42290384939469,0.155897392735145,1.63793446136538,1.94398057401105,0.182024946261814,0.0428707503003287,0.907097942783479,0.170635989368236,0.132815923694671,0.0610307220118927,0.0170172899301169,0.0909326240530411,0.105548221901009,0.00137741670081235,0.546103047125538,1.25315505104339,1.42411768818345,1.31187330353209,0.886137855396476,0.950964184534132,0.988155072099598,1.01062045609306,1.02712500767822
